[
    {
        "airport_identifier": "MMGL",
        "area_code": "LAM",
        "icao_code": "MM",
        "id": "MMGLMMGD",
        "navaid_class": "HOMW",
        "ndb_frequency": 395.0,
        "ndb_identifier": "GD",
        "ndb_latitude": 20.46859167,
        "ndb_longitude": -103.17468333,
        "ndb_name": "DON MIGUEL HIDALGO INTLGUADAL",
        "range": 25
    },
    {
        "airport_identifier": "MUSC",
        "area_code": "LAM",
        "icao_code": "MU",
        "id": "MUSCMUULV",
        "navaid_class": "H MW",
        "ndb_frequency": 287.0,
        "ndb_identifier": "ULV",
        "ndb_latitude": 22.48689722,
        "ndb_longitude": -79.96666944,
        "ndb_name": "SANTA CLARA",
        "range": 25
    },
    {
        "airport_identifier": "TISX",
        "area_code": "LAM",
        "icao_code": "TI",
        "id": "TISXTIST",
        "navaid_class": "HOMW",
        "ndb_frequency": 241.0,
        "ndb_identifier": "ST",
        "ndb_latitude": 17.69191944,
        "ndb_longitude": -64.88465,
        "ndb_name": "PESTE CHRISTIANSTED",
        "range": 25
    },
    {
        "airport_identifier": "TJSJ",
        "area_code": "LAM",
        "icao_code": "TJ",
        "id": "TJSJTJSJ",
        "navaid_class": "HOMW",
        "ndb_frequency": 330.0,
        "ndb_identifier": "SJ",
        "ndb_latitude": 18.40890833,
        "ndb_longitude": -66.08955833,
        "ndb_name": "PATTY SAN JUAN",
        "range": 25
    }
]