[
    {
        "area_code": "LAM",
        "icao_code": "MB",
        "id": "MBPV",
        "navaid_class": "H  W",
        "ndb_frequency": 387.0,
        "ndb_identifier": "PV",
        "ndb_latitude": 21.77771667,
        "ndb_longitude": -72.26056111,
        "ndb_name": "PROVIDENCIALES",
        "range": 50
    },
    {
        "area_code": "LAM",
        "icao_code": "MB",
        "id": "MBSC",
        "navaid_class": "H  W",
        "ndb_frequency": 260.0,
        "ndb_identifier": "SC",
        "ndb_latitude": 21.5125,
        "ndb_longitude": -71.5375,
        "ndb_name": "SOUTH CAICOS",
        "range": 50
    },
    {
        "area_code": "LAM",
        "icao_code": "MD",
        "id": "MDHIJ",
        "navaid_class": "H  W",
        "ndb_frequency": 220.0,
        "ndb_identifier": "HIJ",
        "ndb_latitude": 18.51416667,
        "ndb_longitude": -69.76583333,
        "ndb_name": "SAN ISIDRO",
        "range": 50
    },
    {
        "area_code": "LAM",
        "icao_code": "MD",
        "id": "MDLAS",
        "navaid_class": "H  W",
        "ndb_frequency": 200.0,
        "ndb_identifier": "LAS",
        "ndb_latitude": 18.57805556,
        "ndb_longitude": -69.72444444,
        "ndb_name": "GUERRA",
        "range": 50
    },
    {
        "area_code": "LAM",
        "icao_code": "MG",
        "id": "MGBAR",
        "navaid_class": "H  W",
        "ndb_frequency": 347.0,
        "ndb_identifier": "BAR",
        "ndb_latitude": 15.73666667,
        "ndb_longitude": -88.595,
        "ndb_name": "PUERTO BARRIOS",
        "range": 50
    },
    {
        "area_code": "LAM",
        "icao_code": "MG",
        "id": "MGIZP",
        "navaid_class": "H  W",
        "ndb_frequency": 400.0,
        "ndb_identifier": "IZP",
        "ndb_latitude": 13.93333333,
        "ndb_longitude": -90.73333333,
        "ndb_name": "IZTAPA",
        "range": 50
    },
    {
        "area_code": "LAM",
        "icao_code": "MG",
        "id": "MGRUB",
        "navaid_class": "H  W",
        "ndb_frequency": 260.0,
        "ndb_identifier": "RUB",
        "ndb_latitude": 15.99166667,
        "ndb_longitude": -90.44833333,
        "ndb_name": "RUBELSANTO",
        "range": 50
    },
    {
        "area_code": "LAM",
        "icao_code": "MG",
        "id": "MGSGA",
        "navaid_class": "H",
        "ndb_frequency": 425.0,
        "ndb_identifier": "SGA",
        "ndb_latitude": 13.93368056,
        "ndb_longitude": -90.86142222,
        "ndb_name": "SAN JOSE",
        "range": 50
    },
    {
        "area_code": "LAM",
        "icao_code": "MM",
        "id": "MMENS",
        "navaid_class": "H",
        "ndb_frequency": 400.0,
        "ndb_identifier": "ENS",
        "ndb_latitude": 31.79591111,
        "ndb_longitude": -116.60694167,
        "ndb_name": "ENSENADA",
        "range": 50
    },
    {
        "area_code": "LAM",
        "icao_code": "MM",
        "id": "MMGRN",
        "navaid_class": "H",
        "ndb_frequency": 382.0,
        "ndb_identifier": "GRN",
        "ndb_latitude": 28.0269,
        "ndb_longitude": -114.02231389,
        "ndb_name": "NEGRO",
        "range": 50
    },
    {
        "area_code": "LAM",
        "icao_code": "MM",
        "id": "MMPB1",
        "navaid_class": "H",
        "ndb_frequency": 392.0,
        "ndb_identifier": "PB1",
        "ndb_latitude": 18.43583333,
        "ndb_longitude": -93.18916667,
        "ndb_name": "DOS BOCAS",
        "range": 50
    },
    {
        "area_code": "LAM",
        "icao_code": "MM",
        "id": "MMPPI",
        "navaid_class": "H",
        "ndb_frequency": 381.0,
        "ndb_identifier": "PPI",
        "ndb_latitude": 17.95,
        "ndb_longitude": -92.32083333,
        "ndb_name": "CIUDAD PEMEX",
        "range": 50
    },
    {
        "area_code": "LAM",
        "icao_code": "MM",
        "id": "MMTPX",
        "navaid_class": "H  W",
        "ndb_frequency": 359.0,
        "ndb_identifier": "TPX",
        "ndb_latitude": 19.61142222,
        "ndb_longitude": -98.96039167,
        "ndb_name": "TEPEXPAN",
        "range": 50
    },
    {
        "area_code": "LAM",
        "icao_code": "MN",
        "id": "MNCIS",
        "navaid_class": "H H",
        "ndb_frequency": 357.0,
        "ndb_identifier": "CIS",
        "ndb_latitude": 12.17416667,
        "ndb_longitude": -83.05777778,
        "ndb_name": "CORN ISLAND",
        "range": 80
    },
    {
        "area_code": "LAM",
        "icao_code": "MP",
        "id": "MPCHE",
        "navaid_class": "H  W",
        "ndb_frequency": 440.0,
        "ndb_identifier": "CHE",
        "ndb_latitude": 7.98233056,
        "ndb_longitude": -80.410125,
        "ndb_name": "CHITRE",
        "range": 50
    },
    {
        "area_code": "LAM",
        "icao_code": "MU",
        "id": "MUJ",
        "navaid_class": "H L",
        "ndb_frequency": 353.0,
        "ndb_identifier": "J",
        "ndb_latitude": 22.085,
        "ndb_longitude": -84.18222222,
        "ndb_name": "SAN JULIAN",
        "range": 20
    },
    {
        "area_code": "LAM",
        "icao_code": "MU",
        "id": "MUL",
        "navaid_class": "H",
        "ndb_frequency": 322.0,
        "ndb_identifier": "L",
        "ndb_latitude": 22.33055556,
        "ndb_longitude": -83.65416667,
        "ndb_name": "LA COLOMA",
        "range": 50
    },
    {
        "area_code": "LAM",
        "icao_code": "MU",
        "id": "MUUBP",
        "navaid_class": "H",
        "ndb_frequency": 250.0,
        "ndb_identifier": "UBP",
        "ndb_latitude": 23.023175,
        "ndb_longitude": -82.58074167,
        "ndb_name": "PLAYA BARACOA HAVANA",
        "range": 50
    },
    {
        "area_code": "LAM",
        "icao_code": "MU",
        "id": "MUUCY",
        "navaid_class": "H  W",
        "ndb_frequency": 380.0,
        "ndb_identifier": "UCY",
        "ndb_latitude": 22.85805556,
        "ndb_longitude": -82.85277778,
        "ndb_name": "CAYABO CAYAJABO",
        "range": 50
    },
    {
        "area_code": "LAM",
        "icao_code": "MU",
        "id": "MUULM",
        "navaid_class": "H L",
        "ndb_frequency": 465.0,
        "ndb_identifier": "ULM",
        "ndb_latitude": 22.32166667,
        "ndb_longitude": -83.68944444,
        "ndb_name": "LA COLOMA",
        "range": 20
    },
    {
        "area_code": "LAM",
        "icao_code": "MU",
        "id": "MUUNG",
        "navaid_class": "H H",
        "ndb_frequency": 412.0,
        "ndb_identifier": "UNG",
        "ndb_latitude": 21.75589167,
        "ndb_longitude": -82.87815833,
        "ndb_name": "GERONA NUEVA GERONA",
        "range": 75
    },
    {
        "area_code": "LAM",
        "icao_code": "MU",
        "id": "MUUOC",
        "navaid_class": "H MW",
        "ndb_frequency": 310.0,
        "ndb_identifier": "UOC",
        "ndb_latitude": 22.515,
        "ndb_longitude": -78.51166667,
        "ndb_name": "CAYO COCO",
        "range": 25
    },
    {
        "area_code": "LAM",
        "icao_code": "MU",
        "id": "MUUPA",
        "navaid_class": "H  W",
        "ndb_frequency": 382.0,
        "ndb_identifier": "UPA",
        "ndb_latitude": 22.37361111,
        "ndb_longitude": -78.77305556,
        "ndb_name": "ALEGRE",
        "range": 50
    },
    {
        "area_code": "LAM",
        "icao_code": "MU",
        "id": "MUUSJ",
        "navaid_class": "H  W",
        "ndb_frequency": 402.0,
        "ndb_identifier": "USJ",
        "ndb_latitude": 22.08583333,
        "ndb_longitude": -84.21444444,
        "ndb_name": "SAN JULIAN",
        "range": 50
    },
    {
        "area_code": "LAM",
        "icao_code": "MU",
        "id": "MUUSR",
        "navaid_class": "H  W",
        "ndb_frequency": 315.0,
        "ndb_identifier": "USR",
        "ndb_latitude": 21.74583333,
        "ndb_longitude": -78.81194444,
        "ndb_name": "SIMONES",
        "range": 50
    },
    {
        "area_code": "LAM",
        "icao_code": "MU",
        "id": "MUUVR",
        "navaid_class": "H  W",
        "ndb_frequency": 272.0,
        "ndb_identifier": "UVR",
        "ndb_latitude": 23.09044722,
        "ndb_longitude": -81.36706944,
        "ndb_name": "VARDER",
        "range": 50
    },
    {
        "area_code": "LAM",
        "icao_code": "MU",
        "id": "MUUZG",
        "navaid_class": "H  W",
        "ndb_frequency": 283.0,
        "ndb_identifier": "UZG",
        "ndb_latitude": 22.935,
        "ndb_longitude": -82.03861111,
        "ndb_name": "ZARAGO",
        "range": 50
    },
    {
        "area_code": "LAM",
        "icao_code": "MW",
        "id": "MWCBC",
        "navaid_class": "H MW",
        "ndb_frequency": 415.0,
        "ndb_identifier": "CBC",
        "ndb_latitude": 19.68993056,
        "ndb_longitude": -79.85651944,
        "ndb_name": "CAYMAN BRAC",
        "range": 135
    },
    {
        "area_code": "LAM",
        "icao_code": "TA",
        "id": "TAZDX",
        "navaid_class": "H  W",
        "ndb_frequency": 369.0,
        "ndb_identifier": "ZDX",
        "ndb_latitude": 17.15712778,
        "ndb_longitude": -61.79531667,
        "ndb_name": "V.C. BIRD SAINT JOHNS",
        "range": 50
    },
    {
        "area_code": "LAM",
        "icao_code": "TD",
        "id": "TDDOM",
        "navaid_class": "H",
        "ndb_frequency": 273.0,
        "ndb_identifier": "DOM",
        "ndb_latitude": 15.55093333,
        "ndb_longitude": -61.295625,
        "ndb_name": "DOUGLAS CHARLES",
        "range": 50
    },
    {
        "area_code": "LAM",
        "icao_code": "TF",
        "id": "TFFOF",
        "navaid_class": "H",
        "ndb_frequency": 329.0,
        "ndb_identifier": "FOF",
        "ndb_latitude": 14.58908333,
        "ndb_longitude": -61.00130556,
        "ndb_name": "MARTINIQUE",
        "range": 50
    },
    {
        "area_code": "LAM",
        "icao_code": "TF",
        "id": "TFPTP",
        "navaid_class": "H",
        "ndb_frequency": 385.0,
        "ndb_identifier": "PTP",
        "ndb_latitude": 16.28361111,
        "ndb_longitude": -61.63094444,
        "ndb_name": "POINTE A PITRE",
        "range": 50
    },
    {
        "area_code": "LAM",
        "icao_code": "TG",
        "id": "TGGND",
        "navaid_class": "H",
        "ndb_frequency": 362.0,
        "ndb_identifier": "GND",
        "ndb_latitude": 12.00814167,
        "ndb_longitude": -61.78007222,
        "ndb_name": "MAURICE BISHOPSAINT GEORGES",
        "range": 50
    },
    {
        "area_code": "LAM",
        "icao_code": "TJ",
        "id": "TJDDP",
        "navaid_class": "H HW",
        "ndb_frequency": 391.0,
        "ndb_identifier": "DDP",
        "ndb_latitude": 18.46827778,
        "ndb_longitude": -66.41239167,
        "ndb_name": "DORADO SAN JUAN",
        "range": 75
    },
    {
        "area_code": "LAM",
        "icao_code": "TK",
        "id": "TKSKB",
        "navaid_class": "H  W",
        "ndb_frequency": 325.0,
        "ndb_identifier": "SKB",
        "ndb_latitude": 17.29518333,
        "ndb_longitude": -62.74400556,
        "ndb_name": "ROBERT L BRADSHAW ST KITTS",
        "range": 50
    },
    {
        "area_code": "LAM",
        "icao_code": "TL",
        "id": "TLBNE",
        "navaid_class": "H  W",
        "ndb_frequency": 305.0,
        "ndb_identifier": "BNE",
        "ndb_latitude": 13.73365,
        "ndb_longitude": -60.97738611,
        "ndb_name": "HEWANORRA SAINT LUCIA",
        "range": 50
    },
    {
        "area_code": "LAM",
        "icao_code": "TL",
        "id": "TLSLU",
        "navaid_class": "H  W",
        "ndb_frequency": 415.0,
        "ndb_identifier": "SLU",
        "ndb_latitude": 14.01414167,
        "ndb_longitude": -61.00605833,
        "ndb_name": "GEORGE CHARLES ST. LUCIA",
        "range": 50
    },
    {
        "area_code": "LAM",
        "icao_code": "TN",
        "id": "TNPJB",
        "navaid_class": "H",
        "ndb_frequency": 321.0,
        "ndb_identifier": "PJB",
        "ndb_latitude": 12.13257222,
        "ndb_longitude": -68.280725,
        "ndb_name": "BONAIRE",
        "range": 50
    },
    {
        "area_code": "LAM",
        "icao_code": "TN",
        "id": "TNPJD",
        "navaid_class": "H MW",
        "ndb_frequency": 284.0,
        "ndb_identifier": "PJD",
        "ndb_latitude": 18.03779444,
        "ndb_longitude": -63.11786944,
        "ndb_name": "SAINT MAARTEN",
        "range": 50
    },
    {
        "area_code": "LAM",
        "icao_code": "TN",
        "id": "TNPJE",
        "navaid_class": "H HW",
        "ndb_frequency": 235.0,
        "ndb_identifier": "PJE",
        "ndb_latitude": 17.48744167,
        "ndb_longitude": -62.99083889,
        "ndb_name": "ST. EUSTATIOUS",
        "range": 50
    },
    {
        "area_code": "LAM",
        "icao_code": "TT",
        "id": "TTTAB",
        "navaid_class": "H  W",
        "ndb_frequency": 323.0,
        "ndb_identifier": "TAB",
        "ndb_latitude": 11.14741111,
        "ndb_longitude": -60.833525,
        "ndb_name": "ROBINSON SCARBOROUGH",
        "range": 50
    },
    {
        "area_code": "LAM",
        "icao_code": "TT",
        "id": "TTTRI",
        "navaid_class": "H MW",
        "ndb_frequency": 382.0,
        "ndb_identifier": "TRI",
        "ndb_latitude": 10.595125,
        "ndb_longitude": -61.42231389,
        "ndb_name": "PIARCO PORT OF SPAIN",
        "range": 25
    },
    {
        "area_code": "LAM",
        "icao_code": "TV",
        "id": "TVCAI",
        "navaid_class": "H",
        "ndb_frequency": 302.0,
        "ndb_identifier": "CAI",
        "ndb_latitude": 12.69606111,
        "ndb_longitude": -61.3394,
        "ndb_name": "CANOUAN ST. VINCENT",
        "range": 50
    },
    {
        "area_code": "LAM",
        "icao_code": "TV",
        "id": "TVSV",
        "navaid_class": "H  W",
        "ndb_frequency": 403.0,
        "ndb_identifier": "SV",
        "ndb_latitude": 13.14063333,
        "ndb_longitude": -61.22616667,
        "ndb_name": "ST VINCENT SAINT VINCENT I",
        "range": 50
    }
]