[
    {
        "course_from": 360.0,
        "course_to": 179.0,
        "cruise_level_from1": 200,
        "cruise_level_from2": 27000,
        "cruise_level_from3": 31000,
        "cruise_level_from4": 32000,
        "cruise_level_to1": null,
        "cruise_level_to2": 27000,
        "cruise_level_to3": 31000,
        "cruise_level_to4": 32000,
        "cruise_table_identifier": "A4",
        "mag_true": "M",
        "seqno": 1,
        "vertical_separation1": 2000,
        "vertical_separation2": 4000,
        "vertical_separation3": 1000,
        "vertical_separation4": 3000
    },
    {
        "course_from": 360.0,
        "course_to": 179.0,
        "cruise_level_from1": 100,
        "cruise_level_from2": 36000,
        "cruise_level_from3": 39000,
        "cruise_level_from4": 40000,
        "cruise_level_to1": null,
        "cruise_level_to2": 36000,
        "cruise_level_to3": 39000,
        "cruise_level_to4": 40000,
        "cruise_table_identifier": "A4",
        "mag_true": "M",
        "seqno": 2,
        "vertical_separation1": 1000,
        "vertical_separation2": 3000,
        "vertical_separation3": 1000,
        "vertical_separation4": 5000
    },
    {
        "course_from": 360.0,
        "course_to": 179.0,
        "cruise_level_from1": 400,
        "cruise_level_from2": null,
        "cruise_level_from3": null,
        "cruise_level_from4": null,
        "cruise_level_to1": null,
        "cruise_level_to2": 99999,
        "cruise_level_to3": null,
        "cruise_level_to4": null,
        "cruise_table_identifier": "A4",
        "mag_true": "M",
        "seqno": 3,
        "vertical_separation1": 4000,
        "vertical_separation2": null,
        "vertical_separation3": null,
        "vertical_separation4": null
    },
    {
        "course_from": 180.0,
        "course_to": 359.0,
        "cruise_level_from1": 200,
        "cruise_level_from2": 28000,
        "cruise_level_from3": 31000,
        "cruise_level_from4": 32000,
        "cruise_level_to1": null,
        "cruise_level_to2": 28000,
        "cruise_level_to3": 31000,
        "cruise_level_to4": 32000,
        "cruise_table_identifier": "A4",
        "mag_true": "M",
        "seqno": 4,
        "vertical_separation1": 2000,
        "vertical_separation2": 3000,
        "vertical_separation3": 1000,
        "vertical_separation4": 3000
    },
    {
        "course_from": 180.0,
        "course_to": 359.0,
        "cruise_level_from1": 100,
        "cruise_level_from2": 36000,
        "cruise_level_from3": 39000,
        "cruise_level_from4": 40000,
        "cruise_level_to1": null,
        "cruise_level_to2": 36000,
        "cruise_level_to3": 39000,
        "cruise_level_to4": 40000,
        "cruise_table_identifier": "A4",
        "mag_true": "M",
        "seqno": 5,
        "vertical_separation1": 1000,
        "vertical_separation2": 3000,
        "vertical_separation3": 1000,
        "vertical_separation4": 3000
    },
    {
        "course_from": 180.0,
        "course_to": 359.0,
        "cruise_level_from1": 400,
        "cruise_level_from2": null,
        "cruise_level_from3": null,
        "cruise_level_from4": null,
        "cruise_level_to1": null,
        "cruise_level_to2": 99999,
        "cruise_level_to3": null,
        "cruise_level_to4": null,
        "cruise_table_identifier": "A4",
        "mag_true": "M",
        "seqno": 6,
        "vertical_separation1": 4000,
        "vertical_separation2": null,
        "vertical_separation3": null,
        "vertical_separation4": null
    },
    {
        "course_from": 360.0,
        "course_to": 179.0,
        "cruise_level_from1": 200,
        "cruise_level_from2": 27000,
        "cruise_level_from3": 35000,
        "cruise_level_from4": 41000,
        "cruise_level_to1": null,
        "cruise_level_to2": 27000,
        "cruise_level_to3": 35000,
        "cruise_level_to4": 41000,
        "cruise_table_identifier": "A5",
        "mag_true": "M",
        "seqno": 1,
        "vertical_separation1": 2000,
        "vertical_separation2": 4000,
        "vertical_separation3": 6000,
        "vertical_separation4": 4000
    },
    {
        "course_from": 180.0,
        "course_to": 359.0,
        "cruise_level_from1": 200,
        "cruise_level_from2": 28000,
        "cruise_level_from3": 36000,
        "cruise_level_from4": 43000,
        "cruise_level_to1": null,
        "cruise_level_to2": 28000,
        "cruise_level_to3": 36000,
        "cruise_level_to4": 43000,
        "cruise_table_identifier": "A5",
        "mag_true": "M",
        "seqno": 2,
        "vertical_separation1": 2000,
        "vertical_separation2": 4000,
        "vertical_separation3": 7000,
        "vertical_separation4": 4000
    },
    {
        "course_from": 180.0,
        "course_to": 359.0,
        "cruise_level_from1": 400,
        "cruise_level_from2": 28000,
        "cruise_level_from3": null,
        "cruise_level_from4": null,
        "cruise_level_to1": null,
        "cruise_level_to2": 28000,
        "cruise_level_to3": 39000,
        "cruise_level_to4": null,
        "cruise_table_identifier": "A9",
        "mag_true": "M",
        "seqno": 1,
        "vertical_separation1": 4000,
        "vertical_separation2": 11000,
        "vertical_separation3": null,
        "vertical_separation4": null
    },
    {
        "course_from": 360.0,
        "course_to": 179.0,
        "cruise_level_from1": 400,
        "cruise_level_from2": 29000,
        "cruise_level_from3": null,
        "cruise_level_from4": null,
        "cruise_level_to1": null,
        "cruise_level_to2": 29000,
        "cruise_level_to3": 41000,
        "cruise_level_to4": null,
        "cruise_table_identifier": "A9",
        "mag_true": "M",
        "seqno": 2,
        "vertical_separation1": 4000,
        "vertical_separation2": 12000,
        "vertical_separation3": null,
        "vertical_separation4": null
    },
    {
        "course_from": 210.0,
        "course_to": 29.0,
        "cruise_level_from1": 200,
        "cruise_level_from2": 41000,
        "cruise_level_from3": null,
        "cruise_level_from4": null,
        "cruise_level_to1": null,
        "cruise_level_to2": 41000,
        "cruise_level_to3": 99999,
        "cruise_level_to4": null,
        "cruise_table_identifier": "B0",
        "mag_true": "M",
        "seqno": 1,
        "vertical_separation1": 2000,
        "vertical_separation2": 4000,
        "vertical_separation3": null,
        "vertical_separation4": null
    },
    {
        "course_from": 30.0,
        "course_to": 209.0,
        "cruise_level_from1": 200,
        "cruise_level_from2": 40000,
        "cruise_level_from3": 43000,
        "cruise_level_from4": null,
        "cruise_level_to1": null,
        "cruise_level_to2": 40000,
        "cruise_level_to3": 43000,
        "cruise_level_to4": 99999,
        "cruise_table_identifier": "B0",
        "mag_true": "M",
        "seqno": 2,
        "vertical_separation1": 2000,
        "vertical_separation2": 3000,
        "vertical_separation3": 4000,
        "vertical_separation4": null
    },
    {
        "course_from": 360.0,
        "course_to": 179.0,
        "cruise_level_from1": 200,
        "cruise_level_from2": 27000,
        "cruise_level_from3": 33000,
        "cruise_level_from4": null,
        "cruise_level_to1": null,
        "cruise_level_to2": 27000,
        "cruise_level_to3": 33000,
        "cruise_level_to4": 99999,
        "cruise_table_identifier": "B1",
        "mag_true": "M",
        "seqno": 1,
        "vertical_separation1": 2000,
        "vertical_separation2": 6000,
        "vertical_separation3": 4000,
        "vertical_separation4": null
    },
    {
        "course_from": 180.0,
        "course_to": 359.0,
        "cruise_level_from1": 200,
        "cruise_level_from2": 28000,
        "cruise_level_from3": 34000,
        "cruise_level_from4": 43000,
        "cruise_level_to1": null,
        "cruise_level_to2": 28000,
        "cruise_level_to3": 34000,
        "cruise_level_to4": 43000,
        "cruise_table_identifier": "B1",
        "mag_true": "M",
        "seqno": 2,
        "vertical_separation1": 2000,
        "vertical_separation2": 6000,
        "vertical_separation3": 9000,
        "vertical_separation4": 4000
    },
    {
        "course_from": 360.0,
        "course_to": 179.0,
        "cruise_level_from1": 200,
        "cruise_level_from2": 29000,
        "cruise_level_from3": 45000,
        "cruise_level_from4": null,
        "cruise_level_to1": null,
        "cruise_level_to2": 29000,
        "cruise_level_to3": 45000,
        "cruise_level_to4": 99999,
        "cruise_table_identifier": "B2",
        "mag_true": "M",
        "seqno": 1,
        "vertical_separation1": 2000,
        "vertical_separation2": 8000,
        "vertical_separation3": 4000,
        "vertical_separation4": null
    },
    {
        "course_from": 180.0,
        "course_to": 359.0,
        "cruise_level_from1": 200,
        "cruise_level_from2": 28000,
        "cruise_level_from3": 34000,
        "cruise_level_from4": 43000,
        "cruise_level_to1": null,
        "cruise_level_to2": 28000,
        "cruise_level_to3": 34000,
        "cruise_level_to4": 43000,
        "cruise_table_identifier": "B2",
        "mag_true": "M",
        "seqno": 2,
        "vertical_separation1": 2000,
        "vertical_separation2": 6000,
        "vertical_separation3": 9000,
        "vertical_separation4": 4000
    },
    {
        "course_from": 360.0,
        "course_to": 179.0,
        "cruise_level_from1": 200,
        "cruise_level_from2": 27000,
        "cruise_level_from3": 30000,
        "cruise_level_from4": 38000,
        "cruise_level_to1": null,
        "cruise_level_to2": 27000,
        "cruise_level_to3": 30000,
        "cruise_level_to4": 38000,
        "cruise_table_identifier": "B7",
        "mag_true": "M",
        "seqno": 1,
        "vertical_separation1": 2000,
        "vertical_separation2": 3000,
        "vertical_separation3": 8000,
        "vertical_separation4": 7000
    },
    {
        "course_from": 360.0,
        "course_to": 179.0,
        "cruise_level_from1": 400,
        "cruise_level_from2": null,
        "cruise_level_from3": null,
        "cruise_level_from4": null,
        "cruise_level_to1": null,
        "cruise_level_to2": 99999,
        "cruise_level_to3": null,
        "cruise_level_to4": null,
        "cruise_table_identifier": "B7",
        "mag_true": "M",
        "seqno": 2,
        "vertical_separation1": 4000,
        "vertical_separation2": null,
        "vertical_separation3": null,
        "vertical_separation4": null
    },
    {
        "course_from": 180.0,
        "course_to": 359.0,
        "cruise_level_from1": 200,
        "cruise_level_from2": 30000,
        "cruise_level_from3": 38000,
        "cruise_level_from4": 43000,
        "cruise_level_to1": null,
        "cruise_level_to2": 30000,
        "cruise_level_to3": 38000,
        "cruise_level_to4": 43000,
        "cruise_table_identifier": "B7",
        "mag_true": "M",
        "seqno": 3,
        "vertical_separation1": 2000,
        "vertical_separation2": 8000,
        "vertical_separation3": 5000,
        "vertical_separation4": 4000
    },
    {
        "course_from": 360.0,
        "course_to": 179.0,
        "cruise_level_from1": 200,
        "cruise_level_from2": 27000,
        "cruise_level_from3": 30000,
        "cruise_level_from4": 34000,
        "cruise_level_to1": null,
        "cruise_level_to2": 27000,
        "cruise_level_to3": 30000,
        "cruise_level_to4": 34000,
        "cruise_table_identifier": "B8",
        "mag_true": "M",
        "seqno": 1,
        "vertical_separation1": 2000,
        "vertical_separation2": 3000,
        "vertical_separation3": 4000,
        "vertical_separation4": 11000
    },
    {
        "course_from": 360.0,
        "course_to": 179.0,
        "cruise_level_from1": 400,
        "cruise_level_from2": null,
        "cruise_level_from3": null,
        "cruise_level_from4": null,
        "cruise_level_to1": null,
        "cruise_level_to2": 99999,
        "cruise_level_to3": null,
        "cruise_level_to4": null,
        "cruise_table_identifier": "B8",
        "mag_true": "M",
        "seqno": 2,
        "vertical_separation1": 4000,
        "vertical_separation2": null,
        "vertical_separation3": null,
        "vertical_separation4": null
    },
    {
        "course_from": 180.0,
        "course_to": 359.0,
        "cruise_level_from1": 200,
        "cruise_level_from2": 30000,
        "cruise_level_from3": 34000,
        "cruise_level_from4": 43000,
        "cruise_level_to1": null,
        "cruise_level_to2": 30000,
        "cruise_level_to3": 34000,
        "cruise_level_to4": 43000,
        "cruise_table_identifier": "B8",
        "mag_true": "M",
        "seqno": 3,
        "vertical_separation1": 2000,
        "vertical_separation2": 4000,
        "vertical_separation3": 9000,
        "vertical_separation4": 4000
    },
    {
        "course_from": 30.0,
        "course_to": 209.0,
        "cruise_level_from1": 200,
        "cruise_level_from2": 41000,
        "cruise_level_from3": null,
        "cruise_level_from4": null,
        "cruise_level_to1": null,
        "cruise_level_to2": 41000,
        "cruise_level_to3": 99999,
        "cruise_level_to4": null,
        "cruise_table_identifier": "BB",
        "mag_true": "M",
        "seqno": 1,
        "vertical_separation1": 2000,
        "vertical_separation2": 4000,
        "vertical_separation3": null,
        "vertical_separation4": null
    },
    {
        "course_from": 210.0,
        "course_to": 29.0,
        "cruise_level_from1": 200,
        "cruise_level_from2": 40000,
        "cruise_level_from3": 43000,
        "cruise_level_from4": null,
        "cruise_level_to1": null,
        "cruise_level_to2": 40000,
        "cruise_level_to3": 43000,
        "cruise_level_to4": 99999,
        "cruise_table_identifier": "BB",
        "mag_true": "M",
        "seqno": 2,
        "vertical_separation1": 2000,
        "vertical_separation2": 3000,
        "vertical_separation3": 4000,
        "vertical_separation4": null
    },
    {
        "course_from": 360.0,
        "course_to": 89.0,
        "cruise_level_from1": 200,
        "cruise_level_from2": 33000,
        "cruise_level_from3": null,
        "cruise_level_from4": null,
        "cruise_level_to1": null,
        "cruise_level_to2": 29000,
        "cruise_level_to3": 99999,
        "cruise_level_to4": null,
        "cruise_table_identifier": "C1",
        "mag_true": "M",
        "seqno": 1,
        "vertical_separation1": 2000,
        "vertical_separation2": 4000,
        "vertical_separation3": null,
        "vertical_separation4": null
    },
    {
        "course_from": 90.0,
        "course_to": 179.0,
        "cruise_level_from1": 200,
        "cruise_level_from2": 30000,
        "cruise_level_from3": null,
        "cruise_level_from4": null,
        "cruise_level_to1": null,
        "cruise_level_to2": 27500,
        "cruise_level_to3": 99999,
        "cruise_level_to4": null,
        "cruise_table_identifier": "C1",
        "mag_true": "M",
        "seqno": 2,
        "vertical_separation1": 2000,
        "vertical_separation2": 4000,
        "vertical_separation3": null,
        "vertical_separation4": null
    },
    {
        "course_from": 180.0,
        "course_to": 269.0,
        "cruise_level_from1": 200,
        "cruise_level_from2": 31000,
        "cruise_level_from3": null,
        "cruise_level_from4": null,
        "cruise_level_to1": null,
        "cruise_level_to2": 28000,
        "cruise_level_to3": 99999,
        "cruise_level_to4": null,
        "cruise_table_identifier": "C1",
        "mag_true": "M",
        "seqno": 3,
        "vertical_separation1": 2000,
        "vertical_separation2": 4000,
        "vertical_separation3": null,
        "vertical_separation4": null
    },
    {
        "course_from": 270.0,
        "course_to": 359.0,
        "cruise_level_from1": 200,
        "cruise_level_from2": 32000,
        "cruise_level_from3": null,
        "cruise_level_from4": null,
        "cruise_level_to1": null,
        "cruise_level_to2": 28500,
        "cruise_level_to3": 99999,
        "cruise_level_to4": null,
        "cruise_table_identifier": "C1",
        "mag_true": "M",
        "seqno": 4,
        "vertical_separation1": 2000,
        "vertical_separation2": 4000,
        "vertical_separation3": null,
        "vertical_separation4": null
    },
    {
        "course_from": 360.0,
        "course_to": 89.0,
        "cruise_level_from1": 200,
        "cruise_level_from2": 21000,
        "cruise_level_from3": 29000,
        "cruise_level_from4": null,
        "cruise_level_to1": null,
        "cruise_level_to2": 19000,
        "cruise_level_to3": 27000,
        "cruise_level_to4": 99999,
        "cruise_table_identifier": "DD",
        "mag_true": "M",
        "seqno": 1,
        "vertical_separation1": 2000,
        "vertical_separation2": 2000,
        "vertical_separation3": 4000,
        "vertical_separation4": null
    },
    {
        "course_from": 90.0,
        "course_to": 179.0,
        "cruise_level_from1": 200,
        "cruise_level_from2": 21000,
        "cruise_level_from3": 29000,
        "cruise_level_from4": null,
        "cruise_level_to1": null,
        "cruise_level_to2": 19500,
        "cruise_level_to3": 27000,
        "cruise_level_to4": 99999,
        "cruise_table_identifier": "DD",
        "mag_true": "M",
        "seqno": 2,
        "vertical_separation1": 2000,
        "vertical_separation2": 2000,
        "vertical_separation3": 4000,
        "vertical_separation4": null
    },
    {
        "course_from": 180.0,
        "course_to": 269.0,
        "cruise_level_from1": 200,
        "cruise_level_from2": 22000,
        "cruise_level_from3": 31000,
        "cruise_level_from4": null,
        "cruise_level_to1": null,
        "cruise_level_to2": 18000,
        "cruise_level_to3": 28000,
        "cruise_level_to4": 99999,
        "cruise_table_identifier": "DD",
        "mag_true": "M",
        "seqno": 3,
        "vertical_separation1": 2000,
        "vertical_separation2": 2000,
        "vertical_separation3": 4000,
        "vertical_separation4": null
    },
    {
        "course_from": 270.0,
        "course_to": 359.0,
        "cruise_level_from1": 200,
        "cruise_level_from2": 22000,
        "cruise_level_from3": 31000,
        "cruise_level_from4": null,
        "cruise_level_to1": null,
        "cruise_level_to2": 18500,
        "cruise_level_to3": 28000,
        "cruise_level_to4": 99999,
        "cruise_table_identifier": "DD",
        "mag_true": "M",
        "seqno": 4,
        "vertical_separation1": 2000,
        "vertical_separation2": 2000,
        "vertical_separation3": 4000,
        "vertical_separation4": null
    },
    {
        "course_from": 360.0,
        "course_to": 179.0,
        "cruise_level_from1": 200,
        "cruise_level_from2": 29000,
        "cruise_level_from3": 33000,
        "cruise_level_from4": 39000,
        "cruise_level_to1": null,
        "cruise_level_to2": 29000,
        "cruise_level_to3": 33000,
        "cruise_level_to4": 39000,
        "cruise_table_identifier": "DZ",
        "mag_true": "M",
        "seqno": 1,
        "vertical_separation1": 2000,
        "vertical_separation2": 4000,
        "vertical_separation3": 2000,
        "vertical_separation4": 2000
    },
    {
        "course_from": 360.0,
        "course_to": 179.0,
        "cruise_level_from1": 400,
        "cruise_level_from2": null,
        "cruise_level_from3": null,
        "cruise_level_from4": null,
        "cruise_level_to1": null,
        "cruise_level_to2": 99999,
        "cruise_level_to3": null,
        "cruise_level_to4": null,
        "cruise_table_identifier": "DZ",
        "mag_true": "M",
        "seqno": 2,
        "vertical_separation1": 4000,
        "vertical_separation2": null,
        "vertical_separation3": null,
        "vertical_separation4": null
    },
    {
        "course_from": 180.0,
        "course_to": 359.0,
        "cruise_level_from1": 200,
        "cruise_level_from2": 28000,
        "cruise_level_from3": 31000,
        "cruise_level_from4": 36000,
        "cruise_level_to1": null,
        "cruise_level_to2": 28000,
        "cruise_level_to3": 31000,
        "cruise_level_to4": 36000,
        "cruise_table_identifier": "DZ",
        "mag_true": "M",
        "seqno": 3,
        "vertical_separation1": 2000,
        "vertical_separation2": 3000,
        "vertical_separation3": 5000,
        "vertical_separation4": 2000
    },
    {
        "course_from": 180.0,
        "course_to": 359.0,
        "cruise_level_from1": 500,
        "cruise_level_from2": 43000,
        "cruise_level_from3": null,
        "cruise_level_from4": null,
        "cruise_level_to1": null,
        "cruise_level_to2": 43000,
        "cruise_level_to3": 99999,
        "cruise_level_to4": null,
        "cruise_table_identifier": "DZ",
        "mag_true": "M",
        "seqno": 4,
        "vertical_separation1": 5000,
        "vertical_separation2": 4000,
        "vertical_separation3": null,
        "vertical_separation4": null
    },
    {
        "course_from": 360.0,
        "course_to": 179.0,
        "cruise_level_from1": 190,
        "cruise_level_from2": 3900,
        "cruise_level_from3": 7900,
        "cruise_level_from4": 9800,
        "cruise_level_to1": null,
        "cruise_level_to2": 3900,
        "cruise_level_to3": 7900,
        "cruise_level_to4": 9800,
        "cruise_table_identifier": "E0",
        "mag_true": "T",
        "seqno": 1,
        "vertical_separation1": 1900,
        "vertical_separation2": 2000,
        "vertical_separation3": 1900,
        "vertical_separation4": 2000
    },
    {
        "course_from": 360.0,
        "course_to": 179.0,
        "cruise_level_from1": 190,
        "cruise_level_from2": 15700,
        "cruise_level_from3": 21700,
        "cruise_level_from4": 23600,
        "cruise_level_to1": null,
        "cruise_level_to2": 15700,
        "cruise_level_to3": 21700,
        "cruise_level_to4": 23600,
        "cruise_table_identifier": "E0",
        "mag_true": "T",
        "seqno": 2,
        "vertical_separation1": 1900,
        "vertical_separation2": 2000,
        "vertical_separation3": 1900,
        "vertical_separation4": 2000
    },
    {
        "course_from": 360.0,
        "course_to": 179.0,
        "cruise_level_from1": 250,
        "cruise_level_from2": 30100,
        "cruise_level_from3": 40100,
        "cruise_level_from4": 43000,
        "cruise_level_to1": null,
        "cruise_level_to2": 30100,
        "cruise_level_to3": 40100,
        "cruise_level_to4": 43000,
        "cruise_table_identifier": "E0",
        "mag_true": "T",
        "seqno": 3,
        "vertical_separation1": 2500,
        "vertical_separation2": 2000,
        "vertical_separation3": 2900,
        "vertical_separation4": 3900
    },
    {
        "course_from": 360.0,
        "course_to": 179.0,
        "cruise_level_from1": 400,
        "cruise_level_from2": null,
        "cruise_level_from3": null,
        "cruise_level_from4": null,
        "cruise_level_to1": null,
        "cruise_level_to2": 50900,
        "cruise_level_to3": null,
        "cruise_level_to4": null,
        "cruise_table_identifier": "E0",
        "mag_true": "T",
        "seqno": 4,
        "vertical_separation1": 4000,
        "vertical_separation2": null,
        "vertical_separation3": null,
        "vertical_separation4": null
    },
    {
        "course_from": 180.0,
        "course_to": 359.0,
        "cruise_level_from1": 190,
        "cruise_level_from2": 4900,
        "cruise_level_from3": 8900,
        "cruise_level_from4": 10800,
        "cruise_level_to1": null,
        "cruise_level_to2": 4900,
        "cruise_level_to3": 8900,
        "cruise_level_to4": 10800,
        "cruise_table_identifier": "E0",
        "mag_true": "T",
        "seqno": 5,
        "vertical_separation1": 1900,
        "vertical_separation2": 2000,
        "vertical_separation3": 1900,
        "vertical_separation4": 2000
    },
    {
        "course_from": 180.0,
        "course_to": 359.0,
        "cruise_level_from1": 190,
        "cruise_level_from2": 16700,
        "cruise_level_from3": 20700,
        "cruise_level_from4": 22600,
        "cruise_level_to1": null,
        "cruise_level_to2": 16700,
        "cruise_level_to3": 20700,
        "cruise_level_to4": 22600,
        "cruise_table_identifier": "E0",
        "mag_true": "T",
        "seqno": 6,
        "vertical_separation1": 1900,
        "vertical_separation2": 2000,
        "vertical_separation3": 1900,
        "vertical_separation4": 2000
    },
    {
        "course_from": 180.0,
        "course_to": 359.0,
        "cruise_level_from1": 250,
        "cruise_level_from2": 29100,
        "cruise_level_from3": 41100,
        "cruise_level_from4": 44900,
        "cruise_level_to1": null,
        "cruise_level_to2": 29100,
        "cruise_level_to3": 41100,
        "cruise_level_to4": 44900,
        "cruise_table_identifier": "E0",
        "mag_true": "T",
        "seqno": 7,
        "vertical_separation1": 2500,
        "vertical_separation2": 2000,
        "vertical_separation3": 3800,
        "vertical_separation4": 4000
    },
    {
        "course_from": 180.0,
        "course_to": 359.0,
        "cruise_level_from1": 190,
        "cruise_level_from2": 3900,
        "cruise_level_from3": 7900,
        "cruise_level_from4": 9800,
        "cruise_level_to1": null,
        "cruise_level_to2": 3900,
        "cruise_level_to3": 7900,
        "cruise_level_to4": 9800,
        "cruise_table_identifier": "EE",
        "mag_true": "T",
        "seqno": 1,
        "vertical_separation1": 1900,
        "vertical_separation2": 2000,
        "vertical_separation3": 1900,
        "vertical_separation4": 2000
    },
    {
        "course_from": 180.0,
        "course_to": 359.0,
        "cruise_level_from1": 190,
        "cruise_level_from2": 15700,
        "cruise_level_from3": 21700,
        "cruise_level_from4": 23600,
        "cruise_level_to1": null,
        "cruise_level_to2": 15700,
        "cruise_level_to3": 21700,
        "cruise_level_to4": 23600,
        "cruise_table_identifier": "EE",
        "mag_true": "T",
        "seqno": 2,
        "vertical_separation1": 1900,
        "vertical_separation2": 2000,
        "vertical_separation3": 1900,
        "vertical_separation4": 2000
    },
    {
        "course_from": 180.0,
        "course_to": 359.0,
        "cruise_level_from1": 250,
        "cruise_level_from2": 30100,
        "cruise_level_from3": 40100,
        "cruise_level_from4": 43000,
        "cruise_level_to1": null,
        "cruise_level_to2": 30100,
        "cruise_level_to3": 40100,
        "cruise_level_to4": 43000,
        "cruise_table_identifier": "EE",
        "mag_true": "T",
        "seqno": 3,
        "vertical_separation1": 2500,
        "vertical_separation2": 2000,
        "vertical_separation3": 2900,
        "vertical_separation4": 3900
    },
    {
        "course_from": 180.0,
        "course_to": 359.0,
        "cruise_level_from1": 400,
        "cruise_level_from2": null,
        "cruise_level_from3": null,
        "cruise_level_from4": null,
        "cruise_level_to1": null,
        "cruise_level_to2": 50900,
        "cruise_level_to3": null,
        "cruise_level_to4": null,
        "cruise_table_identifier": "EE",
        "mag_true": "T",
        "seqno": 4,
        "vertical_separation1": 4000,
        "vertical_separation2": null,
        "vertical_separation3": null,
        "vertical_separation4": null
    },
    {
        "course_from": 360.0,
        "course_to": 179.0,
        "cruise_level_from1": 190,
        "cruise_level_from2": 4900,
        "cruise_level_from3": 8900,
        "cruise_level_from4": 10800,
        "cruise_level_to1": null,
        "cruise_level_to2": 4900,
        "cruise_level_to3": 8900,
        "cruise_level_to4": 10800,
        "cruise_table_identifier": "EE",
        "mag_true": "T",
        "seqno": 5,
        "vertical_separation1": 1900,
        "vertical_separation2": 2000,
        "vertical_separation3": 1900,
        "vertical_separation4": 2000
    },
    {
        "course_from": 360.0,
        "course_to": 179.0,
        "cruise_level_from1": 190,
        "cruise_level_from2": 16700,
        "cruise_level_from3": 20700,
        "cruise_level_from4": 22600,
        "cruise_level_to1": null,
        "cruise_level_to2": 16700,
        "cruise_level_to3": 20700,
        "cruise_level_to4": 22600,
        "cruise_table_identifier": "EE",
        "mag_true": "T",
        "seqno": 6,
        "vertical_separation1": 1900,
        "vertical_separation2": 2000,
        "vertical_separation3": 1900,
        "vertical_separation4": 2000
    },
    {
        "course_from": 360.0,
        "course_to": 179.0,
        "cruise_level_from1": 250,
        "cruise_level_from2": 29100,
        "cruise_level_from3": 41100,
        "cruise_level_from4": 44900,
        "cruise_level_to1": null,
        "cruise_level_to2": 29100,
        "cruise_level_to3": 41100,
        "cruise_level_to4": 44900,
        "cruise_table_identifier": "EE",
        "mag_true": "T",
        "seqno": 7,
        "vertical_separation1": 2500,
        "vertical_separation2": 2000,
        "vertical_separation3": 3800,
        "vertical_separation4": 4000
    },
    {
        "course_from": 180.0,
        "course_to": 359.0,
        "cruise_level_from1": 200,
        "cruise_level_from2": 3000,
        "cruise_level_from3": 4900,
        "cruise_level_from4": 8900,
        "cruise_level_to1": null,
        "cruise_level_to2": 3000,
        "cruise_level_to3": 4900,
        "cruise_level_to4": 8900,
        "cruise_table_identifier": "F0",
        "mag_true": "M",
        "seqno": 1,
        "vertical_separation1": 2000,
        "vertical_separation2": 1900,
        "vertical_separation3": 2000,
        "vertical_separation4": 1900
    },
    {
        "course_from": 180.0,
        "course_to": 359.0,
        "cruise_level_from1": 200,
        "cruise_level_from2": 14800,
        "cruise_level_from3": 16700,
        "cruise_level_from4": 20700,
        "cruise_level_to1": null,
        "cruise_level_to2": 14800,
        "cruise_level_to3": 16700,
        "cruise_level_to4": 20700,
        "cruise_table_identifier": "F0",
        "mag_true": "M",
        "seqno": 2,
        "vertical_separation1": 2000,
        "vertical_separation2": 1900,
        "vertical_separation3": 2000,
        "vertical_separation4": 1900
    },
    {
        "course_from": 180.0,
        "course_to": 359.0,
        "cruise_level_from1": 200,
        "cruise_level_from2": 26600,
        "cruise_level_from3": 29100,
        "cruise_level_from4": 41100,
        "cruise_level_to1": null,
        "cruise_level_to2": 26600,
        "cruise_level_to3": 29100,
        "cruise_level_to4": 41100,
        "cruise_table_identifier": "F0",
        "mag_true": "M",
        "seqno": 3,
        "vertical_separation1": 2000,
        "vertical_separation2": 2500,
        "vertical_separation3": 2000,
        "vertical_separation4": 3800
    },
    {
        "course_from": 180.0,
        "course_to": 359.0,
        "cruise_level_from1": 400,
        "cruise_level_from2": null,
        "cruise_level_from3": null,
        "cruise_level_from4": null,
        "cruise_level_to1": null,
        "cruise_level_to2": 48900,
        "cruise_level_to3": null,
        "cruise_level_to4": null,
        "cruise_table_identifier": "F0",
        "mag_true": "M",
        "seqno": 4,
        "vertical_separation1": 4000,
        "vertical_separation2": null,
        "vertical_separation3": null,
        "vertical_separation4": null
    },
    {
        "course_from": 360.0,
        "course_to": 179.0,
        "cruise_level_from1": 190,
        "cruise_level_from2": 3900,
        "cruise_level_from3": 7900,
        "cruise_level_from4": 9800,
        "cruise_level_to1": null,
        "cruise_level_to2": 3900,
        "cruise_level_to3": 7900,
        "cruise_level_to4": 9800,
        "cruise_table_identifier": "F0",
        "mag_true": "M",
        "seqno": 5,
        "vertical_separation1": 1900,
        "vertical_separation2": 2000,
        "vertical_separation3": 1900,
        "vertical_separation4": 2000
    },
    {
        "course_from": 360.0,
        "course_to": 179.0,
        "cruise_level_from1": 190,
        "cruise_level_from2": 15700,
        "cruise_level_from3": 21700,
        "cruise_level_from4": 23600,
        "cruise_level_to1": null,
        "cruise_level_to2": 15700,
        "cruise_level_to3": 21700,
        "cruise_level_to4": 23600,
        "cruise_table_identifier": "F0",
        "mag_true": "M",
        "seqno": 6,
        "vertical_separation1": 1900,
        "vertical_separation2": 2000,
        "vertical_separation3": 1900,
        "vertical_separation4": 2000
    },
    {
        "course_from": 360.0,
        "course_to": 179.0,
        "cruise_level_from1": 250,
        "cruise_level_from2": 30100,
        "cruise_level_from3": 40100,
        "cruise_level_from4": 43000,
        "cruise_level_to1": null,
        "cruise_level_to2": 30100,
        "cruise_level_to3": 40100,
        "cruise_level_to4": 43000,
        "cruise_table_identifier": "F0",
        "mag_true": "M",
        "seqno": 7,
        "vertical_separation1": 2500,
        "vertical_separation2": 2000,
        "vertical_separation3": 2900,
        "vertical_separation4": 3900
    },
    {
        "course_from": 360.0,
        "course_to": 179.0,
        "cruise_level_from1": 400,
        "cruise_level_from2": null,
        "cruise_level_from3": null,
        "cruise_level_from4": null,
        "cruise_level_to1": null,
        "cruise_level_to2": 50900,
        "cruise_level_to3": null,
        "cruise_level_to4": null,
        "cruise_table_identifier": "F0",
        "mag_true": "M",
        "seqno": 8,
        "vertical_separation1": 4000,
        "vertical_separation2": null,
        "vertical_separation3": null,
        "vertical_separation4": null
    },
    {
        "course_from": 360.0,
        "course_to": 179.0,
        "cruise_level_from1": 200,
        "cruise_level_from2": 3000,
        "cruise_level_from3": 4900,
        "cruise_level_from4": 8900,
        "cruise_level_to1": null,
        "cruise_level_to2": 3000,
        "cruise_level_to3": 4900,
        "cruise_level_to4": 8900,
        "cruise_table_identifier": "FF",
        "mag_true": "M",
        "seqno": 1,
        "vertical_separation1": 2000,
        "vertical_separation2": 1900,
        "vertical_separation3": 2000,
        "vertical_separation4": 1900
    },
    {
        "course_from": 360.0,
        "course_to": 179.0,
        "cruise_level_from1": 200,
        "cruise_level_from2": 14800,
        "cruise_level_from3": 16700,
        "cruise_level_from4": 20700,
        "cruise_level_to1": null,
        "cruise_level_to2": 14800,
        "cruise_level_to3": 16700,
        "cruise_level_to4": 20700,
        "cruise_table_identifier": "FF",
        "mag_true": "M",
        "seqno": 2,
        "vertical_separation1": 2000,
        "vertical_separation2": 1900,
        "vertical_separation3": 2000,
        "vertical_separation4": 1900
    },
    {
        "course_from": 360.0,
        "course_to": 179.0,
        "cruise_level_from1": 200,
        "cruise_level_from2": 26600,
        "cruise_level_from3": 29100,
        "cruise_level_from4": 41100,
        "cruise_level_to1": null,
        "cruise_level_to2": 26600,
        "cruise_level_to3": 29100,
        "cruise_level_to4": 41100,
        "cruise_table_identifier": "FF",
        "mag_true": "M",
        "seqno": 3,
        "vertical_separation1": 2000,
        "vertical_separation2": 2500,
        "vertical_separation3": 2000,
        "vertical_separation4": 3800
    },
    {
        "course_from": 360.0,
        "course_to": 179.0,
        "cruise_level_from1": 400,
        "cruise_level_from2": null,
        "cruise_level_from3": null,
        "cruise_level_from4": null,
        "cruise_level_to1": null,
        "cruise_level_to2": 48900,
        "cruise_level_to3": null,
        "cruise_level_to4": null,
        "cruise_table_identifier": "FF",
        "mag_true": "M",
        "seqno": 4,
        "vertical_separation1": 4000,
        "vertical_separation2": null,
        "vertical_separation3": null,
        "vertical_separation4": null
    },
    {
        "course_from": 180.0,
        "course_to": 359.0,
        "cruise_level_from1": 190,
        "cruise_level_from2": 3900,
        "cruise_level_from3": 7900,
        "cruise_level_from4": 9800,
        "cruise_level_to1": null,
        "cruise_level_to2": 3900,
        "cruise_level_to3": 7900,
        "cruise_level_to4": 9800,
        "cruise_table_identifier": "FF",
        "mag_true": "M",
        "seqno": 5,
        "vertical_separation1": 1900,
        "vertical_separation2": 2000,
        "vertical_separation3": 1900,
        "vertical_separation4": 2000
    },
    {
        "course_from": 180.0,
        "course_to": 359.0,
        "cruise_level_from1": 190,
        "cruise_level_from2": 15700,
        "cruise_level_from3": 21700,
        "cruise_level_from4": 23600,
        "cruise_level_to1": null,
        "cruise_level_to2": 15700,
        "cruise_level_to3": 21700,
        "cruise_level_to4": 23600,
        "cruise_table_identifier": "FF",
        "mag_true": "M",
        "seqno": 6,
        "vertical_separation1": 1900,
        "vertical_separation2": 2000,
        "vertical_separation3": 1900,
        "vertical_separation4": 2000
    },
    {
        "course_from": 180.0,
        "course_to": 359.0,
        "cruise_level_from1": 250,
        "cruise_level_from2": 30100,
        "cruise_level_from3": 40100,
        "cruise_level_from4": 43000,
        "cruise_level_to1": null,
        "cruise_level_to2": 30100,
        "cruise_level_to3": 40100,
        "cruise_level_to4": 43000,
        "cruise_table_identifier": "FF",
        "mag_true": "M",
        "seqno": 7,
        "vertical_separation1": 2500,
        "vertical_separation2": 2000,
        "vertical_separation3": 2900,
        "vertical_separation4": 3900
    },
    {
        "course_from": 180.0,
        "course_to": 359.0,
        "cruise_level_from1": 400,
        "cruise_level_from2": null,
        "cruise_level_from3": null,
        "cruise_level_from4": null,
        "cruise_level_to1": null,
        "cruise_level_to2": 50900,
        "cruise_level_to3": null,
        "cruise_level_to4": null,
        "cruise_table_identifier": "FF",
        "mag_true": "M",
        "seqno": 8,
        "vertical_separation1": 4000,
        "vertical_separation2": null,
        "vertical_separation3": null,
        "vertical_separation4": null
    },
    {
        "course_from": 90.0,
        "course_to": 269.0,
        "cruise_level_from1": 200,
        "cruise_level_from2": 41000,
        "cruise_level_from3": null,
        "cruise_level_from4": null,
        "cruise_level_to1": null,
        "cruise_level_to2": 41000,
        "cruise_level_to3": 99999,
        "cruise_level_to4": null,
        "cruise_table_identifier": "I0",
        "mag_true": "M",
        "seqno": 1,
        "vertical_separation1": 2000,
        "vertical_separation2": 4000,
        "vertical_separation3": null,
        "vertical_separation4": null
    },
    {
        "course_from": 270.0,
        "course_to": 89.0,
        "cruise_level_from1": 200,
        "cruise_level_from2": 38000,
        "cruise_level_from3": 43000,
        "cruise_level_from4": null,
        "cruise_level_to1": null,
        "cruise_level_to2": 38000,
        "cruise_level_to3": 43000,
        "cruise_level_to4": 99999,
        "cruise_table_identifier": "I0",
        "mag_true": "M",
        "seqno": 2,
        "vertical_separation1": 2000,
        "vertical_separation2": 5000,
        "vertical_separation3": 4000,
        "vertical_separation4": null
    },
    {
        "course_from": 270.0,
        "course_to": 89.0,
        "cruise_level_from1": 200,
        "cruise_level_from2": 41000,
        "cruise_level_from3": null,
        "cruise_level_from4": null,
        "cruise_level_to1": null,
        "cruise_level_to2": 41000,
        "cruise_level_to3": 99999,
        "cruise_level_to4": null,
        "cruise_table_identifier": "IZ",
        "mag_true": "M",
        "seqno": 1,
        "vertical_separation1": 2000,
        "vertical_separation2": 4000,
        "vertical_separation3": null,
        "vertical_separation4": null
    },
    {
        "course_from": 90.0,
        "course_to": 269.0,
        "cruise_level_from1": 200,
        "cruise_level_from2": 40000,
        "cruise_level_from3": 43000,
        "cruise_level_from4": null,
        "cruise_level_to1": null,
        "cruise_level_to2": 40000,
        "cruise_level_to3": 43000,
        "cruise_level_to4": 99999,
        "cruise_table_identifier": "IZ",
        "mag_true": "M",
        "seqno": 2,
        "vertical_separation1": 2000,
        "vertical_separation2": 3000,
        "vertical_separation3": 4000,
        "vertical_separation4": null
    },
    {
        "course_from": 180.0,
        "course_to": 359.0,
        "cruise_level_from1": 200,
        "cruise_level_from2": 29000,
        "cruise_level_from3": null,
        "cruise_level_from4": null,
        "cruise_level_to1": null,
        "cruise_level_to2": 29000,
        "cruise_level_to3": 99999,
        "cruise_level_to4": null,
        "cruise_table_identifier": "K0",
        "mag_true": "M",
        "seqno": 1,
        "vertical_separation1": 2000,
        "vertical_separation2": 4000,
        "vertical_separation3": null,
        "vertical_separation4": null
    },
    {
        "course_from": 360.0,
        "course_to": 179.0,
        "cruise_level_from1": 200,
        "cruise_level_from2": 28000,
        "cruise_level_from3": 31000,
        "cruise_level_from4": null,
        "cruise_level_to1": null,
        "cruise_level_to2": 28000,
        "cruise_level_to3": 31000,
        "cruise_level_to4": 99999,
        "cruise_table_identifier": "K0",
        "mag_true": "M",
        "seqno": 2,
        "vertical_separation1": 2000,
        "vertical_separation2": 3000,
        "vertical_separation3": 4000,
        "vertical_separation4": null
    },
    {
        "course_from": 180.0,
        "course_to": 359.0,
        "cruise_level_from1": 200,
        "cruise_level_from2": 41000,
        "cruise_level_from3": null,
        "cruise_level_from4": null,
        "cruise_level_to1": null,
        "cruise_level_to2": 41000,
        "cruise_level_to3": 99999,
        "cruise_level_to4": null,
        "cruise_table_identifier": "K3",
        "mag_true": "M",
        "seqno": 1,
        "vertical_separation1": 2000,
        "vertical_separation2": 4000,
        "vertical_separation3": null,
        "vertical_separation4": null
    },
    {
        "course_from": 360.0,
        "course_to": 179.0,
        "cruise_level_from1": 200,
        "cruise_level_from2": 40000,
        "cruise_level_from3": 43000,
        "cruise_level_from4": null,
        "cruise_level_to1": null,
        "cruise_level_to2": 40000,
        "cruise_level_to3": 43000,
        "cruise_level_to4": 99999,
        "cruise_table_identifier": "K3",
        "mag_true": "M",
        "seqno": 2,
        "vertical_separation1": 2000,
        "vertical_separation2": 3000,
        "vertical_separation3": 4000,
        "vertical_separation4": null
    },
    {
        "course_from": 360.0,
        "course_to": 179.0,
        "cruise_level_from1": 200,
        "cruise_level_from2": 41000,
        "cruise_level_from3": null,
        "cruise_level_from4": null,
        "cruise_level_to1": null,
        "cruise_level_to2": 41000,
        "cruise_level_to3": 99999,
        "cruise_level_to4": null,
        "cruise_table_identifier": "KZ",
        "mag_true": "M",
        "seqno": 1,
        "vertical_separation1": 2000,
        "vertical_separation2": 4000,
        "vertical_separation3": null,
        "vertical_separation4": null
    },
    {
        "course_from": 180.0,
        "course_to": 359.0,
        "cruise_level_from1": 200,
        "cruise_level_from2": 40000,
        "cruise_level_from3": 43000,
        "cruise_level_from4": null,
        "cruise_level_to1": null,
        "cruise_level_to2": 40000,
        "cruise_level_to3": 43000,
        "cruise_level_to4": 99999,
        "cruise_table_identifier": "KZ",
        "mag_true": "M",
        "seqno": 2,
        "vertical_separation1": 2000,
        "vertical_separation2": 3000,
        "vertical_separation3": 4000,
        "vertical_separation4": null
    },
    {
        "course_from": 180.0,
        "course_to": 359.0,
        "cruise_level_from1": 200,
        "cruise_level_from2": 41000,
        "cruise_level_from3": null,
        "cruise_level_from4": null,
        "cruise_level_to1": null,
        "cruise_level_to2": 41000,
        "cruise_level_to3": 99999,
        "cruise_level_to4": null,
        "cruise_table_identifier": "M0",
        "mag_true": "T",
        "seqno": 1,
        "vertical_separation1": 2000,
        "vertical_separation2": 4000,
        "vertical_separation3": null,
        "vertical_separation4": null
    },
    {
        "course_from": 360.0,
        "course_to": 179.0,
        "cruise_level_from1": 200,
        "cruise_level_from2": 40000,
        "cruise_level_from3": 43000,
        "cruise_level_from4": null,
        "cruise_level_to1": null,
        "cruise_level_to2": 40000,
        "cruise_level_to3": 43000,
        "cruise_level_to4": 99999,
        "cruise_table_identifier": "M0",
        "mag_true": "T",
        "seqno": 2,
        "vertical_separation1": 2000,
        "vertical_separation2": 3000,
        "vertical_separation3": 4000,
        "vertical_separation4": null
    },
    {
        "course_from": 360.0,
        "course_to": 179.0,
        "cruise_level_from1": 200,
        "cruise_level_from2": 41000,
        "cruise_level_from3": null,
        "cruise_level_from4": null,
        "cruise_level_to1": null,
        "cruise_level_to2": 41000,
        "cruise_level_to3": 99999,
        "cruise_level_to4": null,
        "cruise_table_identifier": "MM",
        "mag_true": "T",
        "seqno": 1,
        "vertical_separation1": 2000,
        "vertical_separation2": 4000,
        "vertical_separation3": null,
        "vertical_separation4": null
    },
    {
        "course_from": 180.0,
        "course_to": 359.0,
        "cruise_level_from1": 200,
        "cruise_level_from2": 40000,
        "cruise_level_from3": 43000,
        "cruise_level_from4": null,
        "cruise_level_to1": null,
        "cruise_level_to2": 40000,
        "cruise_level_to3": 43000,
        "cruise_level_to4": 99999,
        "cruise_table_identifier": "MM",
        "mag_true": "T",
        "seqno": 2,
        "vertical_separation1": 2000,
        "vertical_separation2": 3000,
        "vertical_separation3": 4000,
        "vertical_separation4": null
    },
    {
        "course_from": 145.0,
        "course_to": 324.0,
        "cruise_level_from1": 200,
        "cruise_level_from2": 34000,
        "cruise_level_from3": 38000,
        "cruise_level_from4": 41000,
        "cruise_level_to1": null,
        "cruise_level_to2": 34000,
        "cruise_level_to3": 38000,
        "cruise_level_to4": 41000,
        "cruise_table_identifier": "N1",
        "mag_true": "M",
        "seqno": 1,
        "vertical_separation1": 2000,
        "vertical_separation2": 1000,
        "vertical_separation3": 1000,
        "vertical_separation4": 2000
    },
    {
        "course_from": 145.0,
        "course_to": 324.0,
        "cruise_level_from1": 400,
        "cruise_level_from2": null,
        "cruise_level_from3": null,
        "cruise_level_from4": null,
        "cruise_level_to1": null,
        "cruise_level_to2": 99999,
        "cruise_level_to3": null,
        "cruise_level_to4": null,
        "cruise_table_identifier": "N1",
        "mag_true": "M",
        "seqno": 2,
        "vertical_separation1": 4000,
        "vertical_separation2": null,
        "vertical_separation3": null,
        "vertical_separation4": null
    },
    {
        "course_from": 325.0,
        "course_to": 144.0,
        "cruise_level_from1": 200,
        "cruise_level_from2": 29000,
        "cruise_level_from3": 35000,
        "cruise_level_from4": 41000,
        "cruise_level_to1": null,
        "cruise_level_to2": 29000,
        "cruise_level_to3": 35000,
        "cruise_level_to4": 41000,
        "cruise_table_identifier": "N2",
        "mag_true": "M",
        "seqno": 1,
        "vertical_separation1": 2000,
        "vertical_separation2": 1000,
        "vertical_separation3": 2000,
        "vertical_separation4": 4000
    },
    {
        "course_from": 145.0,
        "course_to": 324.0,
        "cruise_level_from1": 200,
        "cruise_level_from2": null,
        "cruise_level_from3": null,
        "cruise_level_from4": null,
        "cruise_level_to1": null,
        "cruise_level_to2": 40000,
        "cruise_level_to3": null,
        "cruise_level_to4": null,
        "cruise_table_identifier": "N3",
        "mag_true": "M",
        "seqno": 1,
        "vertical_separation1": 2000,
        "vertical_separation2": null,
        "vertical_separation3": null,
        "vertical_separation4": null
    },
    {
        "course_from": 325.0,
        "course_to": 144.0,
        "cruise_level_from1": 200,
        "cruise_level_from2": null,
        "cruise_level_from3": null,
        "cruise_level_from4": null,
        "cruise_level_to1": null,
        "cruise_level_to2": 41000,
        "cruise_level_to3": null,
        "cruise_level_to4": null,
        "cruise_table_identifier": "N3",
        "mag_true": "M",
        "seqno": 2,
        "vertical_separation1": 2000,
        "vertical_separation2": null,
        "vertical_separation3": null,
        "vertical_separation4": null
    },
    {
        "course_from": 145.0,
        "course_to": 324.0,
        "cruise_level_from1": 200,
        "cruise_level_from2": 32000,
        "cruise_level_from3": 41000,
        "cruise_level_from4": 43000,
        "cruise_level_to1": null,
        "cruise_level_to2": 32000,
        "cruise_level_to3": 41000,
        "cruise_level_to4": 43000,
        "cruise_table_identifier": "NN",
        "mag_true": "M",
        "seqno": 1,
        "vertical_separation1": 2000,
        "vertical_separation2": 1000,
        "vertical_separation3": 2000,
        "vertical_separation4": 4000
    },
    {
        "course_from": 180.0,
        "course_to": 269.0,
        "cruise_level_from1": 200,
        "cruise_level_from2": 41000,
        "cruise_level_from3": null,
        "cruise_level_from4": null,
        "cruise_level_to1": null,
        "cruise_level_to2": 41000,
        "cruise_level_to3": 99999,
        "cruise_level_to4": null,
        "cruise_table_identifier": "P0",
        "mag_true": "M",
        "seqno": 1,
        "vertical_separation1": 2000,
        "vertical_separation2": 4000,
        "vertical_separation3": null,
        "vertical_separation4": null
    },
    {
        "course_from": 270.0,
        "course_to": 359.0,
        "cruise_level_from1": 200,
        "cruise_level_from2": 15000,
        "cruise_level_from3": 41000,
        "cruise_level_from4": null,
        "cruise_level_to1": null,
        "cruise_level_to2": 13500,
        "cruise_level_to3": 41000,
        "cruise_level_to4": 99999,
        "cruise_table_identifier": "P0",
        "mag_true": "M",
        "seqno": 2,
        "vertical_separation1": 2000,
        "vertical_separation2": 2000,
        "vertical_separation3": 4000,
        "vertical_separation4": null
    },
    {
        "course_from": 360.0,
        "course_to": 89.0,
        "cruise_level_from1": 200,
        "cruise_level_from2": 16000,
        "cruise_level_from3": 40000,
        "cruise_level_from4": 43000,
        "cruise_level_to1": null,
        "cruise_level_to2": 12000,
        "cruise_level_to3": 40000,
        "cruise_level_to4": 43000,
        "cruise_table_identifier": "P0",
        "mag_true": "M",
        "seqno": 3,
        "vertical_separation1": 2000,
        "vertical_separation2": 2000,
        "vertical_separation3": 3000,
        "vertical_separation4": 4000
    },
    {
        "course_from": 90.0,
        "course_to": 179.0,
        "cruise_level_from1": 200,
        "cruise_level_from2": 16000,
        "cruise_level_from3": 40000,
        "cruise_level_from4": 43000,
        "cruise_level_to1": null,
        "cruise_level_to2": 12500,
        "cruise_level_to3": 40000,
        "cruise_level_to4": 43000,
        "cruise_table_identifier": "P0",
        "mag_true": "M",
        "seqno": 4,
        "vertical_separation1": 2000,
        "vertical_separation2": 2000,
        "vertical_separation3": 3000,
        "vertical_separation4": 4000
    },
    {
        "course_from": 360.0,
        "course_to": 89.0,
        "cruise_level_from1": 200,
        "cruise_level_from2": 41000,
        "cruise_level_from3": null,
        "cruise_level_from4": null,
        "cruise_level_to1": null,
        "cruise_level_to2": 41000,
        "cruise_level_to3": 99999,
        "cruise_level_to4": null,
        "cruise_table_identifier": "PP",
        "mag_true": "M",
        "seqno": 1,
        "vertical_separation1": 2000,
        "vertical_separation2": 4000,
        "vertical_separation3": null,
        "vertical_separation4": null
    },
    {
        "course_from": 90.0,
        "course_to": 179.0,
        "cruise_level_from1": 200,
        "cruise_level_from2": 15000,
        "cruise_level_from3": 41000,
        "cruise_level_from4": null,
        "cruise_level_to1": null,
        "cruise_level_to2": 13500,
        "cruise_level_to3": 41000,
        "cruise_level_to4": 99999,
        "cruise_table_identifier": "PP",
        "mag_true": "M",
        "seqno": 2,
        "vertical_separation1": 2000,
        "vertical_separation2": 2000,
        "vertical_separation3": 4000,
        "vertical_separation4": null
    },
    {
        "course_from": 180.0,
        "course_to": 269.0,
        "cruise_level_from1": 200,
        "cruise_level_from2": 16000,
        "cruise_level_from3": 40000,
        "cruise_level_from4": 43000,
        "cruise_level_to1": null,
        "cruise_level_to2": 12000,
        "cruise_level_to3": 40000,
        "cruise_level_to4": 43000,
        "cruise_table_identifier": "PP",
        "mag_true": "M",
        "seqno": 3,
        "vertical_separation1": 2000,
        "vertical_separation2": 2000,
        "vertical_separation3": 3000,
        "vertical_separation4": 4000
    },
    {
        "course_from": 270.0,
        "course_to": 359.0,
        "cruise_level_from1": 200,
        "cruise_level_from2": 16000,
        "cruise_level_from3": 40000,
        "cruise_level_from4": 43000,
        "cruise_level_to1": null,
        "cruise_level_to2": 12500,
        "cruise_level_to3": 40000,
        "cruise_level_to4": 43000,
        "cruise_table_identifier": "PP",
        "mag_true": "M",
        "seqno": 4,
        "vertical_separation1": 2000,
        "vertical_separation2": 2000,
        "vertical_separation3": 3000,
        "vertical_separation4": 4000
    },
    {
        "course_from": 180.0,
        "course_to": 359.0,
        "cruise_level_from1": 200,
        "cruise_level_from2": 41000,
        "cruise_level_from3": null,
        "cruise_level_from4": null,
        "cruise_level_to1": null,
        "cruise_level_to2": 41000,
        "cruise_level_to3": 99999,
        "cruise_level_to4": null,
        "cruise_table_identifier": "T1",
        "mag_true": "M",
        "seqno": 1,
        "vertical_separation1": 2000,
        "vertical_separation2": 4000,
        "vertical_separation3": null,
        "vertical_separation4": null
    },
    {
        "course_from": 360.0,
        "course_to": 179.0,
        "cruise_level_from1": 200,
        "cruise_level_from2": 40000,
        "cruise_level_from3": 43000,
        "cruise_level_from4": null,
        "cruise_level_to1": null,
        "cruise_level_to2": 40000,
        "cruise_level_to3": 43000,
        "cruise_level_to4": 99999,
        "cruise_table_identifier": "T1",
        "mag_true": "M",
        "seqno": 2,
        "vertical_separation1": 2000,
        "vertical_separation2": 3000,
        "vertical_separation3": 4000,
        "vertical_separation4": null
    },
    {
        "course_from": 360.0,
        "course_to": 179.0,
        "cruise_level_from1": 200,
        "cruise_level_from2": 41000,
        "cruise_level_from3": null,
        "cruise_level_from4": null,
        "cruise_level_to1": null,
        "cruise_level_to2": 41000,
        "cruise_level_to3": 99999,
        "cruise_level_to4": null,
        "cruise_table_identifier": "TZ",
        "mag_true": "T",
        "seqno": 1,
        "vertical_separation1": 2000,
        "vertical_separation2": 4000,
        "vertical_separation3": null,
        "vertical_separation4": null
    },
    {
        "course_from": 180.0,
        "course_to": 359.0,
        "cruise_level_from1": 200,
        "cruise_level_from2": 40000,
        "cruise_level_from3": 43000,
        "cruise_level_from4": null,
        "cruise_level_to1": null,
        "cruise_level_to2": 40000,
        "cruise_level_to3": 43000,
        "cruise_level_to4": 99999,
        "cruise_table_identifier": "TZ",
        "mag_true": "T",
        "seqno": 2,
        "vertical_separation1": 2000,
        "vertical_separation2": 3000,
        "vertical_separation3": 4000,
        "vertical_separation4": null
    },
    {
        "course_from": 360.0,
        "course_to": 89.0,
        "cruise_level_from1": 200,
        "cruise_level_from2": null,
        "cruise_level_from3": null,
        "cruise_level_from4": null,
        "cruise_level_to1": null,
        "cruise_level_to2": 23000,
        "cruise_level_to3": null,
        "cruise_level_to4": null,
        "cruise_table_identifier": "W1",
        "mag_true": "M",
        "seqno": 1,
        "vertical_separation1": 2000,
        "vertical_separation2": null,
        "vertical_separation3": null,
        "vertical_separation4": null
    },
    {
        "course_from": 90.0,
        "course_to": 179.0,
        "cruise_level_from1": 200,
        "cruise_level_from2": null,
        "cruise_level_from3": null,
        "cruise_level_from4": null,
        "cruise_level_to1": null,
        "cruise_level_to2": 23500,
        "cruise_level_to3": null,
        "cruise_level_to4": null,
        "cruise_table_identifier": "W1",
        "mag_true": "M",
        "seqno": 2,
        "vertical_separation1": 2000,
        "vertical_separation2": null,
        "vertical_separation3": null,
        "vertical_separation4": null
    },
    {
        "course_from": 180.0,
        "course_to": 269.0,
        "cruise_level_from1": 200,
        "cruise_level_from2": null,
        "cruise_level_from3": null,
        "cruise_level_from4": null,
        "cruise_level_to1": null,
        "cruise_level_to2": 24000,
        "cruise_level_to3": null,
        "cruise_level_to4": null,
        "cruise_table_identifier": "W1",
        "mag_true": "M",
        "seqno": 3,
        "vertical_separation1": 2000,
        "vertical_separation2": null,
        "vertical_separation3": null,
        "vertical_separation4": null
    },
    {
        "course_from": 270.0,
        "course_to": 359.0,
        "cruise_level_from1": 200,
        "cruise_level_from2": null,
        "cruise_level_from3": null,
        "cruise_level_from4": null,
        "cruise_level_to1": null,
        "cruise_level_to2": 24500,
        "cruise_level_to3": null,
        "cruise_level_to4": null,
        "cruise_table_identifier": "W1",
        "mag_true": "M",
        "seqno": 4,
        "vertical_separation1": 2000,
        "vertical_separation2": null,
        "vertical_separation3": null,
        "vertical_separation4": null
    },
    {
        "course_from": 180.0,
        "course_to": 359.0,
        "cruise_level_from1": 200,
        "cruise_level_from2": 41000,
        "cruise_level_from3": null,
        "cruise_level_from4": null,
        "cruise_level_to1": null,
        "cruise_level_to2": 41000,
        "cruise_level_to3": 99999,
        "cruise_level_to4": null,
        "cruise_table_identifier": "X0",
        "mag_true": "M",
        "seqno": 1,
        "vertical_separation1": 2000,
        "vertical_separation2": 4000,
        "vertical_separation3": null,
        "vertical_separation4": null
    },
    {
        "course_from": 360.0,
        "course_to": 179.0,
        "cruise_level_from1": 200,
        "cruise_level_from2": 40000,
        "cruise_level_from3": 43000,
        "cruise_level_from4": null,
        "cruise_level_to1": null,
        "cruise_level_to2": 40000,
        "cruise_level_to3": 43000,
        "cruise_level_to4": 99999,
        "cruise_table_identifier": "X0",
        "mag_true": "M",
        "seqno": 2,
        "vertical_separation1": 2000,
        "vertical_separation2": 3000,
        "vertical_separation3": 4000,
        "vertical_separation4": null
    },
    {
        "course_from": 180.0,
        "course_to": 359.0,
        "cruise_level_from1": 200,
        "cruise_level_from2": 27000,
        "cruise_level_from3": 30000,
        "cruise_level_from4": 40000,
        "cruise_level_to1": null,
        "cruise_level_to2": 27000,
        "cruise_level_to3": 30000,
        "cruise_level_to4": 40000,
        "cruise_table_identifier": "X1",
        "mag_true": "M",
        "seqno": 1,
        "vertical_separation1": 2000,
        "vertical_separation2": 3000,
        "vertical_separation3": 2000,
        "vertical_separation4": 5000
    },
    {
        "course_from": 180.0,
        "course_to": 359.0,
        "cruise_level_from1": 400,
        "cruise_level_from2": null,
        "cruise_level_from3": null,
        "cruise_level_from4": null,
        "cruise_level_to1": null,
        "cruise_level_to2": 99999,
        "cruise_level_to3": null,
        "cruise_level_to4": null,
        "cruise_table_identifier": "X1",
        "mag_true": "M",
        "seqno": 2,
        "vertical_separation1": 4000,
        "vertical_separation2": null,
        "vertical_separation3": null,
        "vertical_separation4": null
    },
    {
        "course_from": 360.0,
        "course_to": 179.0,
        "cruise_level_from1": 200,
        "cruise_level_from2": 28000,
        "cruise_level_from3": 29000,
        "cruise_level_from4": 43000,
        "cruise_level_to1": null,
        "cruise_level_to2": 28000,
        "cruise_level_to3": 29000,
        "cruise_level_to4": 43000,
        "cruise_table_identifier": "X1",
        "mag_true": "M",
        "seqno": 3,
        "vertical_separation1": 2000,
        "vertical_separation2": 1000,
        "vertical_separation3": 2000,
        "vertical_separation4": 4000
    },
    {
        "course_from": 180.0,
        "course_to": 359.0,
        "cruise_level_from1": 200,
        "cruise_level_from2": 23000,
        "cruise_level_from3": 26000,
        "cruise_level_from4": 40000,
        "cruise_level_to1": null,
        "cruise_level_to2": 23000,
        "cruise_level_to3": 26000,
        "cruise_level_to4": 40000,
        "cruise_table_identifier": "X2",
        "mag_true": "M",
        "seqno": 1,
        "vertical_separation1": 2000,
        "vertical_separation2": 3000,
        "vertical_separation3": 2000,
        "vertical_separation4": 3000
    },
    {
        "course_from": 180.0,
        "course_to": 359.0,
        "cruise_level_from1": 400,
        "cruise_level_from2": null,
        "cruise_level_from3": null,
        "cruise_level_from4": null,
        "cruise_level_to1": null,
        "cruise_level_to2": 99999,
        "cruise_level_to3": null,
        "cruise_level_to4": null,
        "cruise_table_identifier": "X2",
        "mag_true": "M",
        "seqno": 2,
        "vertical_separation1": 4000,
        "vertical_separation2": null,
        "vertical_separation3": null,
        "vertical_separation4": null
    },
    {
        "course_from": 360.0,
        "course_to": 179.0,
        "cruise_level_from1": 200,
        "cruise_level_from2": 24000,
        "cruise_level_from3": 25000,
        "cruise_level_from4": 41000,
        "cruise_level_to1": null,
        "cruise_level_to2": 24000,
        "cruise_level_to3": 25000,
        "cruise_level_to4": 41000,
        "cruise_table_identifier": "X2",
        "mag_true": "M",
        "seqno": 3,
        "vertical_separation1": 2000,
        "vertical_separation2": 1000,
        "vertical_separation3": 2000,
        "vertical_separation4": 4000
    },
    {
        "course_from": 180.0,
        "course_to": 359.0,
        "cruise_level_from1": 200,
        "cruise_level_from2": 27000,
        "cruise_level_from3": 30000,
        "cruise_level_from4": 40000,
        "cruise_level_to1": null,
        "cruise_level_to2": 27000,
        "cruise_level_to3": 30000,
        "cruise_level_to4": 40000,
        "cruise_table_identifier": "X3",
        "mag_true": "M",
        "seqno": 1,
        "vertical_separation1": 2000,
        "vertical_separation2": 3000,
        "vertical_separation3": 2000,
        "vertical_separation4": 3000
    },
    {
        "course_from": 180.0,
        "course_to": 359.0,
        "cruise_level_from1": 400,
        "cruise_level_from2": null,
        "cruise_level_from3": null,
        "cruise_level_from4": null,
        "cruise_level_to1": null,
        "cruise_level_to2": 99999,
        "cruise_level_to3": null,
        "cruise_level_to4": null,
        "cruise_table_identifier": "X3",
        "mag_true": "M",
        "seqno": 2,
        "vertical_separation1": 4000,
        "vertical_separation2": null,
        "vertical_separation3": null,
        "vertical_separation4": null
    },
    {
        "course_from": 360.0,
        "course_to": 179.0,
        "cruise_level_from1": 200,
        "cruise_level_from2": 28000,
        "cruise_level_from3": 29000,
        "cruise_level_from4": 41000,
        "cruise_level_to1": null,
        "cruise_level_to2": 28000,
        "cruise_level_to3": 29000,
        "cruise_level_to4": 41000,
        "cruise_table_identifier": "X3",
        "mag_true": "M",
        "seqno": 3,
        "vertical_separation1": 2000,
        "vertical_separation2": 1000,
        "vertical_separation3": 2000,
        "vertical_separation4": 4000
    },
    {
        "course_from": 180.0,
        "course_to": 359.0,
        "cruise_level_from1": 100,
        "cruise_level_from2": 41000,
        "cruise_level_from3": null,
        "cruise_level_from4": null,
        "cruise_level_to1": null,
        "cruise_level_to2": 41000,
        "cruise_level_to3": 99999,
        "cruise_level_to4": null,
        "cruise_table_identifier": "X4",
        "mag_true": "M",
        "seqno": 1,
        "vertical_separation1": 1000,
        "vertical_separation2": 2000,
        "vertical_separation3": null,
        "vertical_separation4": null
    },
    {
        "course_from": 360.0,
        "course_to": 179.0,
        "cruise_level_from1": 100,
        "cruise_level_from2": 41000,
        "cruise_level_from3": null,
        "cruise_level_from4": null,
        "cruise_level_to1": null,
        "cruise_level_to2": 41000,
        "cruise_level_to3": 99999,
        "cruise_level_to4": null,
        "cruise_table_identifier": "X5",
        "mag_true": "M",
        "seqno": 1,
        "vertical_separation1": 1000,
        "vertical_separation2": 2000,
        "vertical_separation3": null,
        "vertical_separation4": null
    },
    {
        "course_from": 360.0,
        "course_to": 179.0,
        "cruise_level_from1": 200,
        "cruise_level_from2": 30000,
        "cruise_level_from3": 41000,
        "cruise_level_from4": null,
        "cruise_level_to1": null,
        "cruise_level_to2": 30000,
        "cruise_level_to3": 41000,
        "cruise_level_to4": 99999,
        "cruise_table_identifier": "X6",
        "mag_true": "M",
        "seqno": 1,
        "vertical_separation1": 2000,
        "vertical_separation2": 1000,
        "vertical_separation3": 2000,
        "vertical_separation4": null
    },
    {
        "course_from": 360.0,
        "course_to": 179.0,
        "cruise_level_from1": 200,
        "cruise_level_from2": 29000,
        "cruise_level_from3": null,
        "cruise_level_from4": null,
        "cruise_level_to1": null,
        "cruise_level_to2": 29000,
        "cruise_level_to3": 99999,
        "cruise_level_to4": null,
        "cruise_table_identifier": "XA",
        "mag_true": "M",
        "seqno": 1,
        "vertical_separation1": 2000,
        "vertical_separation2": 4000,
        "vertical_separation3": null,
        "vertical_separation4": null
    },
    {
        "course_from": 180.0,
        "course_to": 359.0,
        "cruise_level_from1": 200,
        "cruise_level_from2": 40000,
        "cruise_level_from3": 43000,
        "cruise_level_from4": null,
        "cruise_level_to1": null,
        "cruise_level_to2": 40000,
        "cruise_level_to3": 43000,
        "cruise_level_to4": 99999,
        "cruise_table_identifier": "XA",
        "mag_true": "M",
        "seqno": 2,
        "vertical_separation1": 2000,
        "vertical_separation2": 3000,
        "vertical_separation3": 4000,
        "vertical_separation4": null
    },
    {
        "course_from": 360.0,
        "course_to": 179.0,
        "cruise_level_from1": 200,
        "cruise_level_from2": 41000,
        "cruise_level_from3": null,
        "cruise_level_from4": null,
        "cruise_level_to1": null,
        "cruise_level_to2": 41000,
        "cruise_level_to3": 99999,
        "cruise_level_to4": null,
        "cruise_table_identifier": "XX",
        "mag_true": "M",
        "seqno": 1,
        "vertical_separation1": 2000,
        "vertical_separation2": 4000,
        "vertical_separation3": null,
        "vertical_separation4": null
    },
    {
        "course_from": 180.0,
        "course_to": 359.0,
        "cruise_level_from1": 200,
        "cruise_level_from2": 40000,
        "cruise_level_from3": 43000,
        "cruise_level_from4": null,
        "cruise_level_to1": null,
        "cruise_level_to2": 40000,
        "cruise_level_to3": 43000,
        "cruise_level_to4": 99999,
        "cruise_table_identifier": "XX",
        "mag_true": "M",
        "seqno": 2,
        "vertical_separation1": 2000,
        "vertical_separation2": 3000,
        "vertical_separation3": 4000,
        "vertical_separation4": null
    },
    {
        "course_from": 270.0,
        "course_to": 89.0,
        "cruise_level_from1": 200,
        "cruise_level_from2": 41000,
        "cruise_level_from3": null,
        "cruise_level_from4": null,
        "cruise_level_to1": null,
        "cruise_level_to2": 41000,
        "cruise_level_to3": 99999,
        "cruise_level_to4": null,
        "cruise_table_identifier": "Y0",
        "mag_true": "M",
        "seqno": 1,
        "vertical_separation1": 2000,
        "vertical_separation2": 4000,
        "vertical_separation3": null,
        "vertical_separation4": null
    },
    {
        "course_from": 90.0,
        "course_to": 269.0,
        "cruise_level_from1": 200,
        "cruise_level_from2": 40000,
        "cruise_level_from3": 43000,
        "cruise_level_from4": null,
        "cruise_level_to1": null,
        "cruise_level_to2": 40000,
        "cruise_level_to3": 43000,
        "cruise_level_to4": 99999,
        "cruise_table_identifier": "Y0",
        "mag_true": "M",
        "seqno": 2,
        "vertical_separation1": 2000,
        "vertical_separation2": 3000,
        "vertical_separation3": 4000,
        "vertical_separation4": null
    },
    {
        "course_from": 270.0,
        "course_to": 89.0,
        "cruise_level_from1": 200,
        "cruise_level_from2": 31000,
        "cruise_level_from3": 32000,
        "cruise_level_from4": 40000,
        "cruise_level_to1": null,
        "cruise_level_to2": 31000,
        "cruise_level_to3": 32000,
        "cruise_level_to4": 40000,
        "cruise_table_identifier": "Y1",
        "mag_true": "M",
        "seqno": 1,
        "vertical_separation1": 2000,
        "vertical_separation2": 1000,
        "vertical_separation3": 2000,
        "vertical_separation4": 3000
    },
    {
        "course_from": 270.0,
        "course_to": 89.0,
        "cruise_level_from1": 400,
        "cruise_level_from2": null,
        "cruise_level_from3": null,
        "cruise_level_from4": null,
        "cruise_level_to1": null,
        "cruise_level_to2": 99999,
        "cruise_level_to3": null,
        "cruise_level_to4": null,
        "cruise_table_identifier": "Y1",
        "mag_true": "M",
        "seqno": 2,
        "vertical_separation1": 4000,
        "vertical_separation2": null,
        "vertical_separation3": null,
        "vertical_separation4": null
    },
    {
        "course_from": 90.0,
        "course_to": 269.0,
        "cruise_level_from1": 200,
        "cruise_level_from2": 30000,
        "cruise_level_from3": 33000,
        "cruise_level_from4": 41000,
        "cruise_level_to1": null,
        "cruise_level_to2": 30000,
        "cruise_level_to3": 33000,
        "cruise_level_to4": 41000,
        "cruise_table_identifier": "Y1",
        "mag_true": "M",
        "seqno": 3,
        "vertical_separation1": 2000,
        "vertical_separation2": 3000,
        "vertical_separation3": 2000,
        "vertical_separation4": 4000
    },
    {
        "course_from": 270.0,
        "course_to": 89.0,
        "cruise_level_from1": 100,
        "cruise_level_from2": 41000,
        "cruise_level_from3": null,
        "cruise_level_from4": null,
        "cruise_level_to1": null,
        "cruise_level_to2": 41000,
        "cruise_level_to3": 99999,
        "cruise_level_to4": null,
        "cruise_table_identifier": "Y2",
        "mag_true": "M",
        "seqno": 1,
        "vertical_separation1": 1000,
        "vertical_separation2": 2000,
        "vertical_separation3": null,
        "vertical_separation4": null
    },
    {
        "course_from": 90.0,
        "course_to": 269.0,
        "cruise_level_from1": 100,
        "cruise_level_from2": 41000,
        "cruise_level_from3": null,
        "cruise_level_from4": null,
        "cruise_level_to1": null,
        "cruise_level_to2": 41000,
        "cruise_level_to3": 99999,
        "cruise_level_to4": null,
        "cruise_table_identifier": "Y3",
        "mag_true": "M",
        "seqno": 1,
        "vertical_separation1": 1000,
        "vertical_separation2": 2000,
        "vertical_separation3": null,
        "vertical_separation4": null
    },
    {
        "course_from": 90.0,
        "course_to": 269.0,
        "cruise_level_from1": 200,
        "cruise_level_from2": 41000,
        "cruise_level_from3": null,
        "cruise_level_from4": null,
        "cruise_level_to1": null,
        "cruise_level_to2": 41000,
        "cruise_level_to3": 99999,
        "cruise_level_to4": null,
        "cruise_table_identifier": "YY",
        "mag_true": "M",
        "seqno": 1,
        "vertical_separation1": 2000,
        "vertical_separation2": 4000,
        "vertical_separation3": null,
        "vertical_separation4": null
    },
    {
        "course_from": 270.0,
        "course_to": 89.0,
        "cruise_level_from1": 200,
        "cruise_level_from2": 40000,
        "cruise_level_from3": 43000,
        "cruise_level_from4": null,
        "cruise_level_to1": null,
        "cruise_level_to2": 40000,
        "cruise_level_to3": 43000,
        "cruise_level_to4": 99999,
        "cruise_table_identifier": "YY",
        "mag_true": "M",
        "seqno": 2,
        "vertical_separation1": 2000,
        "vertical_separation2": 3000,
        "vertical_separation3": 4000,
        "vertical_separation4": null
    },
    {
        "course_from": 180.0,
        "course_to": 359.0,
        "cruise_level_from1": 200,
        "cruise_level_from2": 41000,
        "cruise_level_from3": null,
        "cruise_level_from4": null,
        "cruise_level_to1": null,
        "cruise_level_to2": 41000,
        "cruise_level_to3": 99999,
        "cruise_level_to4": null,
        "cruise_table_identifier": "Z0",
        "mag_true": "M",
        "seqno": 1,
        "vertical_separation1": 2000,
        "vertical_separation2": 4000,
        "vertical_separation3": null,
        "vertical_separation4": null
    },
    {
        "course_from": 360.0,
        "course_to": 179.0,
        "cruise_level_from1": 200,
        "cruise_level_from2": 40000,
        "cruise_level_from3": 43000,
        "cruise_level_from4": null,
        "cruise_level_to1": null,
        "cruise_level_to2": 40000,
        "cruise_level_to3": 43000,
        "cruise_level_to4": 99999,
        "cruise_table_identifier": "Z0",
        "mag_true": "M",
        "seqno": 2,
        "vertical_separation1": 2000,
        "vertical_separation2": 3000,
        "vertical_separation3": 4000,
        "vertical_separation4": null
    },
    {
        "course_from": 360.0,
        "course_to": 179.0,
        "cruise_level_from1": 200,
        "cruise_level_from2": 35000,
        "cruise_level_from3": 39000,
        "cruise_level_from4": 41000,
        "cruise_level_to1": null,
        "cruise_level_to2": 35000,
        "cruise_level_to3": 39000,
        "cruise_level_to4": 41000,
        "cruise_table_identifier": "Z1",
        "mag_true": "M",
        "seqno": 1,
        "vertical_separation1": 2000,
        "vertical_separation2": 1000,
        "vertical_separation3": 2000,
        "vertical_separation4": 4000
    },
    {
        "course_from": 180.0,
        "course_to": 359.0,
        "cruise_level_from1": 200,
        "cruise_level_from2": 30000,
        "cruise_level_from3": 34000,
        "cruise_level_from4": 40000,
        "cruise_level_to1": null,
        "cruise_level_to2": 30000,
        "cruise_level_to3": 34000,
        "cruise_level_to4": 40000,
        "cruise_table_identifier": "Z2",
        "mag_true": "M",
        "seqno": 1,
        "vertical_separation1": 2000,
        "vertical_separation2": 1000,
        "vertical_separation3": 2000,
        "vertical_separation4": 3000
    },
    {
        "course_from": 180.0,
        "course_to": 359.0,
        "cruise_level_from1": 400,
        "cruise_level_from2": null,
        "cruise_level_from3": null,
        "cruise_level_from4": null,
        "cruise_level_to1": null,
        "cruise_level_to2": 99999,
        "cruise_level_to3": null,
        "cruise_level_to4": null,
        "cruise_table_identifier": "Z2",
        "mag_true": "M",
        "seqno": 2,
        "vertical_separation1": 4000,
        "vertical_separation2": null,
        "vertical_separation3": null,
        "vertical_separation4": null
    },
    {
        "course_from": 180.0,
        "course_to": 359.0,
        "cruise_level_from1": 200,
        "cruise_level_from2": 41000,
        "cruise_level_from3": null,
        "cruise_level_from4": null,
        "cruise_level_to1": null,
        "cruise_level_to2": 41000,
        "cruise_level_to3": 99999,
        "cruise_level_to4": null,
        "cruise_table_identifier": "Z3",
        "mag_true": "M",
        "seqno": 1,
        "vertical_separation1": 2000,
        "vertical_separation2": 4000,
        "vertical_separation3": null,
        "vertical_separation4": null
    },
    {
        "course_from": 360.0,
        "course_to": 179.0,
        "cruise_level_from1": 200,
        "cruise_level_from2": 40000,
        "cruise_level_from3": 43000,
        "cruise_level_from4": null,
        "cruise_level_to1": null,
        "cruise_level_to2": 40000,
        "cruise_level_to3": 43000,
        "cruise_level_to4": 99999,
        "cruise_table_identifier": "Z3",
        "mag_true": "M",
        "seqno": 2,
        "vertical_separation1": 2000,
        "vertical_separation2": 3000,
        "vertical_separation3": 4000,
        "vertical_separation4": null
    },
    {
        "course_from": 360.0,
        "course_to": 179.0,
        "cruise_level_from1": 200,
        "cruise_level_from2": 41000,
        "cruise_level_from3": null,
        "cruise_level_from4": null,
        "cruise_level_to1": null,
        "cruise_level_to2": 41000,
        "cruise_level_to3": 99999,
        "cruise_level_to4": null,
        "cruise_table_identifier": "ZZ",
        "mag_true": "M",
        "seqno": 1,
        "vertical_separation1": 2000,
        "vertical_separation2": 4000,
        "vertical_separation3": null,
        "vertical_separation4": null
    },
    {
        "course_from": 180.0,
        "course_to": 359.0,
        "cruise_level_from1": 200,
        "cruise_level_from2": 40000,
        "cruise_level_from3": 43000,
        "cruise_level_from4": null,
        "cruise_level_to1": null,
        "cruise_level_to2": 40000,
        "cruise_level_to3": 43000,
        "cruise_level_to4": 99999,
        "cruise_table_identifier": "ZZ",
        "mag_true": "M",
        "seqno": 2,
        "vertical_separation1": 2000,
        "vertical_separation2": 3000,
        "vertical_separation3": 4000,
        "vertical_separation4": null
    }
]