[
    {
        "airport_identifier": "MDSD",
        "area_code": "LAM",
        "gs_angle": 3.0,
        "gs_elevation": 41,
        "gs_latitude": 18.44175,
        "gs_longitude": -69.67225,
        "icao_code": "MD",
        "id": "MDSDMDICDO",
        "ils_mls_gls_category": "1",
        "llz_bearing": 172.0,
        "llz_frequency": 108.9,
        "llz_identifier": "ICDO",
        "llz_latitude": 18.41413333,
        "llz_longitude": -69.66324722,
        "llz_width": 3.49,
        "runway_identifier": "RW17",
        "station_declination": -12.0
    },
    {
        "airport_identifier": "MDSI",
        "area_code": "LAM",
        "gs_angle": 3.0,
        "gs_elevation": 148,
        "gs_latitude": 18.51059167,
        "gs_longitude": -69.75945833,
        "icao_code": "MD",
        "id": "MDSIMDISIS",
        "ils_mls_gls_category": "1",
        "llz_bearing": 217.0,
        "llz_frequency": 109.1,
        "llz_identifier": "ISIS",
        "llz_latitude": 18.49403889,
        "llz_longitude": -69.76665556,
        "llz_width": 5.36,
        "runway_identifier": "RW21",
        "station_declination": -11.0
    },
    {
        "airport_identifier": "MDST",
        "area_code": "LAM",
        "gs_angle": 2.8,
        "gs_elevation": 565,
        "gs_latitude": 19.40705,
        "gs_longitude": -70.61430278,
        "icao_code": "MD",
        "id": "MDSTMDIDST",
        "ils_mls_gls_category": "1",
        "llz_bearing": 114.0,
        "llz_frequency": 109.3,
        "llz_identifier": "IDST",
        "llz_latitude": 19.40318056,
        "llz_longitude": -70.59112222,
        "llz_width": 4.37,
        "runway_identifier": "RW11",
        "station_declination": -11.0
    },
    {
        "airport_identifier": "MGGT",
        "area_code": "LAM",
        "gs_angle": 3.0,
        "gs_elevation": 4898,
        "gs_latitude": 14.57285278,
        "gs_longitude": -90.53019167,
        "icao_code": "MG",
        "id": "MGGTMGIAAI",
        "ils_mls_gls_category": "1",
        "llz_bearing": 16.0,
        "llz_frequency": 110.1,
        "llz_identifier": "IAAI",
        "llz_latitude": 14.59673333,
        "llz_longitude": -90.52314444,
        "llz_width": 4.0,
        "runway_identifier": "RW02",
        "station_declination": 1.0
    },
    {
        "airport_identifier": "MGMM",
        "area_code": "LAM",
        "gs_angle": 3.0,
        "gs_elevation": 394,
        "gs_latitude": 16.91813056,
        "gs_longitude": -89.87679722,
        "icao_code": "MG",
        "id": "MGMMMGIAMM",
        "ils_mls_gls_category": "1",
        "llz_bearing": 111.0,
        "llz_frequency": 111.1,
        "llz_identifier": "IAMM",
        "llz_latitude": 16.90846667,
        "llz_longitude": -89.85183056,
        "llz_width": 3.87,
        "runway_identifier": "RW11",
        "station_declination": 0.0
    },
    {
        "airport_identifier": "MHLM",
        "area_code": "LAM",
        "gs_angle": 3.0,
        "gs_elevation": 82,
        "gs_latitude": 15.45866389,
        "gs_longitude": -87.91682222,
        "icao_code": "MH",
        "id": "MHLMMHIRVM",
        "ils_mls_gls_category": "1",
        "llz_bearing": 221.0,
        "llz_frequency": 110.7,
        "llz_identifier": "IRVM",
        "llz_latitude": 15.44166111,
        "llz_longitude": -87.93314167,
        "llz_width": 4.22,
        "runway_identifier": "RW22",
        "station_declination": -1.0
    },
    {
        "airport_identifier": "MKJP",
        "area_code": "LAM",
        "gs_angle": 3.0,
        "gs_elevation": 8,
        "gs_latitude": 17.93841667,
        "gs_longitude": -76.79703333,
        "icao_code": "MK",
        "id": "MKJPMKIMLY",
        "ils_mls_gls_category": "1",
        "llz_bearing": 123.0,
        "llz_frequency": 109.1,
        "llz_identifier": "IMLY",
        "llz_latitude": 17.93106389,
        "llz_longitude": -76.77939167,
        "llz_width": 5.0,
        "runway_identifier": "RW12",
        "station_declination": -8.0
    },
    {
        "airport_identifier": "MKJS",
        "area_code": "LAM",
        "gs_angle": 3.0,
        "gs_elevation": 26,
        "gs_latitude": 18.50084444,
        "gs_longitude": -77.92215278,
        "icao_code": "MK",
        "id": "MKJSMKISIA",
        "ils_mls_gls_category": "1",
        "llz_bearing": 72.0,
        "llz_frequency": 109.5,
        "llz_identifier": "ISIA",
        "llz_latitude": 18.50927778,
        "llz_longitude": -77.90048056,
        "llz_width": 4.32,
        "runway_identifier": "RW07",
        "station_declination": -7.0
    },
    {
        "airport_identifier": "MMAA",
        "area_code": "LAM",
        "gs_angle": 3.1,
        "gs_elevation": 12,
        "gs_latitude": 16.757975,
        "gs_longitude": -99.76028611,
        "icao_code": "MM",
        "id": "MMAAMMIAIA",
        "ils_mls_gls_category": "1",
        "llz_bearing": 103.0,
        "llz_frequency": 111.9,
        "llz_identifier": "IAIA",
        "llz_latitude": 16.74998333,
        "llz_longitude": -99.73103333,
        "llz_width": 3.4,
        "runway_identifier": "RW10",
        "station_declination": 5.0
    },
    {
        "airport_identifier": "MMAA",
        "area_code": "LAM",
        "gs_angle": 3.0,
        "gs_elevation": 12,
        "gs_latitude": 16.75076944,
        "gs_longitude": -99.73714167,
        "icao_code": "MM",
        "id": "MMAAMMIACA",
        "ils_mls_gls_category": "1",
        "llz_bearing": 283.0,
        "llz_frequency": 109.9,
        "llz_identifier": "IACA",
        "llz_latitude": 16.76071389,
        "llz_longitude": -99.76540833,
        "llz_width": 3.43,
        "runway_identifier": "RW28",
        "station_declination": 5.0
    },
    {
        "airport_identifier": "MMAN",
        "area_code": "LAM",
        "gs_angle": 3.2,
        "gs_elevation": 1454,
        "gs_latitude": 25.86995,
        "gs_longitude": -100.2356,
        "icao_code": "MM",
        "id": "MMANMMIADN",
        "ils_mls_gls_category": "1",
        "llz_bearing": 207.0,
        "llz_frequency": 110.7,
        "llz_identifier": "IADN",
        "llz_latitude": 25.85605,
        "llz_longitude": -100.24388056,
        "llz_width": 5.0,
        "runway_identifier": "RW20",
        "station_declination": 5.0
    },
    {
        "airport_identifier": "MMCU",
        "area_code": "LAM",
        "gs_angle": 3.0,
        "gs_elevation": 4462,
        "gs_latitude": 28.69459167,
        "gs_longitude": -105.96412222,
        "icao_code": "MM",
        "id": "MMCUMMICUU",
        "ils_mls_gls_category": "1",
        "llz_bearing": 3.0,
        "llz_frequency": 111.9,
        "llz_identifier": "ICUU",
        "llz_latitude": 28.71652778,
        "llz_longitude": -105.96058889,
        "llz_width": 4.35,
        "runway_identifier": "RW36R",
        "station_declination": 8.0
    },
    {
        "airport_identifier": "MMGL",
        "area_code": "LAM",
        "gs_angle": 3.0,
        "gs_elevation": 5196,
        "gs_latitude": 20.52651944,
        "gs_longitude": -103.32508611,
        "icao_code": "MM",
        "id": "MMGLMMIAIG",
        "ils_mls_gls_category": "1",
        "llz_bearing": 108.0,
        "llz_frequency": 110.1,
        "llz_identifier": "IAIG",
        "llz_latitude": 20.51311667,
        "llz_longitude": -103.29001389,
        "llz_width": 2.84,
        "runway_identifier": "RW10",
        "station_declination": 6.0
    },
    {
        "airport_identifier": "MMGL",
        "area_code": "LAM",
        "gs_angle": 2.8,
        "gs_elevation": 5194,
        "gs_latitude": 20.51455278,
        "gs_longitude": -103.29702778,
        "icao_code": "MM",
        "id": "MMGLMMIGDL",
        "ils_mls_gls_category": "1",
        "llz_bearing": 288.0,
        "llz_frequency": 111.3,
        "llz_identifier": "IGDL",
        "llz_latitude": 20.53002222,
        "llz_longitude": -103.33064722,
        "llz_width": 2.82,
        "runway_identifier": "RW28",
        "station_declination": 6.0
    },
    {
        "airport_identifier": "MMIO",
        "area_code": "LAM",
        "gs_angle": 3.0,
        "gs_elevation": 4707,
        "gs_latitude": 25.54878889,
        "gs_longitude": -100.92734444,
        "icao_code": "MM",
        "id": "MMIOMMISLW",
        "ils_mls_gls_category": "1",
        "llz_bearing": 174.0,
        "llz_frequency": 110.1,
        "llz_identifier": "ISLW",
        "llz_latitude": 25.52397778,
        "llz_longitude": -100.92831944,
        "llz_width": 4.01,
        "runway_identifier": "RW17",
        "station_declination": 6.0
    },
    {
        "airport_identifier": "MMLP",
        "area_code": "LAM",
        "gs_angle": 3.0,
        "gs_elevation": 31,
        "gs_latitude": 24.08124444,
        "gs_longitude": -110.36204167,
        "icao_code": "MM",
        "id": "MMLPMMILAP",
        "ils_mls_gls_category": "1",
        "llz_bearing": 177.0,
        "llz_frequency": 110.5,
        "llz_identifier": "ILAP",
        "llz_latitude": 24.05940556,
        "llz_longitude": -110.36506389,
        "llz_width": 4.43,
        "runway_identifier": "RW18",
        "station_declination": 10.0
    },
    {
        "airport_identifier": "MMMD",
        "area_code": "LAM",
        "gs_angle": 3.0,
        "gs_elevation": 34,
        "gs_latitude": 20.93700556,
        "gs_longitude": -89.65404444,
        "icao_code": "MM",
        "id": "MMMDMMIMID",
        "ils_mls_gls_category": "1",
        "llz_bearing": 105.0,
        "llz_frequency": 111.7,
        "llz_identifier": "IMID",
        "llz_latitude": 20.92917778,
        "llz_longitude": -89.62713611,
        "llz_width": 3.43,
        "runway_identifier": "RW10",
        "station_declination": 0.0
    },
    {
        "airport_identifier": "MMMX",
        "area_code": "LAM",
        "gs_angle": 3.1,
        "gs_elevation": 7314,
        "gs_latitude": 19.42935,
        "gs_longitude": -99.07889167,
        "icao_code": "MM",
        "id": "MMMXMMIMWX",
        "ils_mls_gls_category": "1",
        "llz_bearing": 55.0,
        "llz_frequency": 109.1,
        "llz_identifier": "IMWX",
        "llz_latitude": 19.44673056,
        "llz_longitude": -99.05073889,
        "llz_width": 2.85,
        "runway_identifier": "RW05R",
        "station_declination": 4.0
    },
    {
        "airport_identifier": "MMMX",
        "area_code": "LAM",
        "gs_angle": 3.0,
        "gs_elevation": 7312,
        "gs_latitude": 19.44454444,
        "gs_longitude": -99.05736667,
        "icao_code": "MM",
        "id": "MMMXMMIMEX",
        "ils_mls_gls_category": "1",
        "llz_bearing": 235.0,
        "llz_frequency": 109.7,
        "llz_identifier": "IMEX",
        "llz_latitude": 19.42544722,
        "llz_longitude": -99.08865,
        "llz_width": 2.83,
        "runway_identifier": "RW23L",
        "station_declination": 4.0
    },
    {
        "airport_identifier": "MMMY",
        "area_code": "LAM",
        "gs_angle": 3.0,
        "gs_elevation": 1270,
        "gs_latitude": 25.77278889,
        "gs_longitude": -100.09366111,
        "icao_code": "MM",
        "id": "MMMYMMIMTY",
        "ils_mls_gls_category": "1",
        "llz_bearing": 296.0,
        "llz_frequency": 111.1,
        "llz_identifier": "IMTY",
        "llz_latitude": 25.78446667,
        "llz_longitude": -100.11771667,
        "llz_width": 3.99,
        "runway_identifier": "RW29",
        "station_declination": 5.0
    },
    {
        "airport_identifier": "MMMZ",
        "area_code": "LAM",
        "gs_angle": 3.0,
        "gs_elevation": 32,
        "gs_latitude": 23.16028333,
        "gs_longitude": -106.25471389,
        "icao_code": "MM",
        "id": "MMMZMMIMZT",
        "ils_mls_gls_category": "1",
        "llz_bearing": 264.0,
        "llz_frequency": 111.7,
        "llz_identifier": "IMZT",
        "llz_latitude": 23.16241667,
        "llz_longitude": -106.28043056,
        "llz_width": 4.1,
        "runway_identifier": "RW26",
        "station_declination": 9.0
    },
    {
        "airport_identifier": "MMNL",
        "area_code": "LAM",
        "gs_angle": 3.0,
        "gs_elevation": 484,
        "gs_latitude": 27.44846667,
        "gs_longitude": -99.57451667,
        "icao_code": "MM",
        "id": "MMNLMMINLD",
        "ils_mls_gls_category": "1",
        "llz_bearing": 146.0,
        "llz_frequency": 109.1,
        "llz_identifier": "INLD",
        "llz_latitude": 27.43323333,
        "llz_longitude": -99.56358333,
        "llz_width": 5.35,
        "runway_identifier": "RW14",
        "station_declination": 5.0
    },
    {
        "airport_identifier": "MMRX",
        "area_code": "LAM",
        "gs_angle": 3.0,
        "gs_elevation": 104,
        "gs_latitude": 26.0035,
        "gs_longitude": -98.22555,
        "icao_code": "MM",
        "id": "MMRXMMIREX",
        "ils_mls_gls_category": "1",
        "llz_bearing": 313.0,
        "llz_frequency": 110.5,
        "llz_identifier": "IREX",
        "llz_latitude": 26.01733333,
        "llz_longitude": -98.23613333,
        "llz_width": 5.57,
        "runway_identifier": "RW31",
        "station_declination": 8.0
    },
    {
        "airport_identifier": "MMSP",
        "area_code": "LAM",
        "gs_angle": 3.0,
        "gs_elevation": 6027,
        "gs_latitude": 22.27153333,
        "gs_longitude": -100.94008611,
        "icao_code": "MM",
        "id": "MMSPMMISLP",
        "ils_mls_gls_category": "1",
        "llz_bearing": 144.0,
        "llz_frequency": 111.5,
        "llz_identifier": "ISLP",
        "llz_latitude": 22.2479,
        "llz_longitude": -100.92669444,
        "llz_width": 3.7,
        "runway_identifier": "RW14",
        "station_declination": 5.0
    },
    {
        "airport_identifier": "MMTG",
        "area_code": "LAM",
        "gs_angle": 3.0,
        "gs_elevation": 1491,
        "gs_latitude": 16.55430833,
        "gs_longitude": -93.02263611,
        "icao_code": "MM",
        "id": "MMTGMMITGZ",
        "ils_mls_gls_category": "1",
        "llz_bearing": 325.0,
        "llz_frequency": 109.7,
        "llz_identifier": "ITGZ",
        "llz_latitude": 16.57367222,
        "llz_longitude": -93.03367778,
        "llz_width": 4.38,
        "runway_identifier": "RW32",
        "station_declination": 4.0
    },
    {
        "airport_identifier": "MMTJ",
        "area_code": "LAM",
        "gs_angle": 3.0,
        "gs_elevation": 487,
        "gs_latitude": 32.54373333,
        "gs_longitude": -116.9817,
        "icao_code": "MM",
        "id": "MMTJMMITIJ",
        "ils_mls_gls_category": "1",
        "llz_bearing": 87.0,
        "llz_frequency": 111.5,
        "llz_identifier": "ITIJ",
        "llz_latitude": 32.53788333,
        "llz_longitude": -116.95081389,
        "llz_width": 5.0,
        "runway_identifier": "RW09",
        "station_declination": 12.0
    },
    {
        "airport_identifier": "MMTM",
        "area_code": "LAM",
        "gs_angle": 3.0,
        "gs_elevation": 72,
        "gs_latitude": 22.30043333,
        "gs_longitude": -97.87103333,
        "icao_code": "MM",
        "id": "MMTMMMITAM",
        "ils_mls_gls_category": "1",
        "llz_bearing": 139.0,
        "llz_frequency": 109.3,
        "llz_identifier": "ITAM",
        "llz_latitude": 22.28089722,
        "llz_longitude": -97.85817778,
        "llz_width": 4.26,
        "runway_identifier": "RW13",
        "station_declination": 6.0
    },
    {
        "airport_identifier": "MMTO",
        "area_code": "LAM",
        "gs_angle": 3.0,
        "gs_elevation": 8459,
        "gs_latitude": 19.35233056,
        "gs_longitude": -99.57156389,
        "icao_code": "MM",
        "id": "MMTOMMITLC",
        "ils_mls_gls_category": "3",
        "llz_bearing": 153.0,
        "llz_frequency": 109.5,
        "llz_identifier": "ITLC",
        "llz_latitude": 19.31846667,
        "llz_longitude": -99.55763333,
        "llz_width": 2.82,
        "runway_identifier": "RW15",
        "station_declination": 4.0
    },
    {
        "airport_identifier": "MMUN",
        "area_code": "LAM",
        "gs_angle": 3.0,
        "gs_elevation": 22,
        "gs_latitude": 21.05410556,
        "gs_longitude": -86.87778056,
        "icao_code": "MM",
        "id": "MMUNMMINCP",
        "ils_mls_gls_category": "1",
        "llz_bearing": 125.0,
        "llz_frequency": 110.7,
        "llz_identifier": "INCP",
        "llz_latitude": 21.03918889,
        "llz_longitude": -86.85654722,
        "llz_width": 3.94,
        "runway_identifier": "RW12L",
        "station_declination": -2.0
    },
    {
        "airport_identifier": "MMUN",
        "area_code": "LAM",
        "gs_angle": 3.0,
        "gs_elevation": 16,
        "gs_latitude": 21.04289167,
        "gs_longitude": -86.88915278,
        "icao_code": "MM",
        "id": "MMUNMMICUN",
        "ils_mls_gls_category": "1",
        "llz_bearing": 125.0,
        "llz_frequency": 111.1,
        "llz_identifier": "ICUN",
        "llz_latitude": 21.02647222,
        "llz_longitude": -86.86087222,
        "llz_width": 3.25,
        "runway_identifier": "RW12R",
        "station_declination": -2.0
    },
    {
        "airport_identifier": "MMVA",
        "area_code": "LAM",
        "gs_angle": 3.0,
        "gs_elevation": 46,
        "gs_latitude": 17.99755556,
        "gs_longitude": -92.82451111,
        "icao_code": "MM",
        "id": "MMVAMMIVSA",
        "ils_mls_gls_category": "1",
        "llz_bearing": 85.0,
        "llz_frequency": 110.5,
        "llz_identifier": "IVSA",
        "llz_latitude": 17.99761944,
        "llz_longitude": -92.80438333,
        "llz_width": 4.99,
        "runway_identifier": "RW08",
        "station_declination": 2.0
    },
    {
        "airport_identifier": "MNMG",
        "area_code": "LAM",
        "gs_angle": 3.1,
        "gs_elevation": 242,
        "gs_latitude": 12.141425,
        "gs_longitude": -86.17669444,
        "icao_code": "MN",
        "id": "MNMGMNIMGA",
        "ils_mls_gls_category": "1",
        "llz_bearing": 97.0,
        "llz_frequency": 109.1,
        "llz_identifier": "IMGA",
        "llz_latitude": 12.14003889,
        "llz_longitude": -86.154525,
        "llz_width": 4.47,
        "runway_identifier": "RW10",
        "station_declination": -1.0
    },
    {
        "airport_identifier": "MPSM",
        "area_code": "LAM",
        "gs_angle": 3.0,
        "gs_elevation": 84,
        "gs_latitude": 8.37238333,
        "gs_longitude": -80.12638056,
        "icao_code": "MP",
        "id": "MPSMMPIASM",
        "ils_mls_gls_category": "1",
        "llz_bearing": 348.0,
        "llz_frequency": 110.3,
        "llz_identifier": "IASM",
        "llz_latitude": 8.39236667,
        "llz_longitude": -80.13318333,
        "llz_width": 4.62,
        "runway_identifier": "RW35",
        "station_declination": -3.0
    },
    {
        "airport_identifier": "MPTO",
        "area_code": "LAM",
        "gs_angle": 3.0,
        "gs_elevation": 50,
        "gs_latitude": 9.04979444,
        "gs_longitude": -79.39016111,
        "icao_code": "MP",
        "id": "MPTOMPINAT",
        "ils_mls_gls_category": "1",
        "llz_bearing": 33.0,
        "llz_frequency": 110.7,
        "llz_identifier": "INAT",
        "llz_latitude": 9.07317778,
        "llz_longitude": -79.37808056,
        "llz_width": 3.75,
        "runway_identifier": "RW03R",
        "station_declination": -4.0
    },
    {
        "airport_identifier": "MRLB",
        "area_code": "LAM",
        "gs_angle": 3.0,
        "gs_elevation": 305,
        "gs_latitude": 10.58900556,
        "gs_longitude": -85.55255556,
        "icao_code": "MR",
        "id": "MRLBMRIGUA",
        "ils_mls_gls_category": "1",
        "llz_bearing": 70.0,
        "llz_frequency": 111.3,
        "llz_identifier": "IGUA",
        "llz_latitude": 10.59831111,
        "llz_longitude": -85.53075278,
        "llz_width": 4.11,
        "runway_identifier": "RW07",
        "station_declination": -1.0
    },
    {
        "airport_identifier": "MROC",
        "area_code": "LAM",
        "gs_angle": 3.0,
        "gs_elevation": 2950,
        "gs_latitude": 9.98918611,
        "gs_longitude": -84.21906389,
        "icao_code": "MR",
        "id": "MROCMRIOCO",
        "ils_mls_gls_category": "1",
        "llz_bearing": 71.0,
        "llz_frequency": 109.5,
        "llz_identifier": "IOCO",
        "llz_latitude": 9.99924444,
        "llz_longitude": -84.194475,
        "llz_width": 3.83,
        "runway_identifier": "RW07",
        "station_declination": -1.8
    },
    {
        "airport_identifier": "MSLP",
        "area_code": "LAM",
        "gs_angle": 2.5,
        "gs_elevation": 68,
        "gs_latitude": 13.43577778,
        "gs_longitude": -89.066175,
        "icao_code": "MS",
        "id": "MSLPMSICUS",
        "ils_mls_gls_category": "1",
        "llz_bearing": 70.0,
        "llz_frequency": 110.3,
        "llz_identifier": "ICUS",
        "llz_latitude": 13.44680278,
        "llz_longitude": -89.03931111,
        "llz_width": 3.5,
        "runway_identifier": "RW07",
        "station_declination": 0.0
    },
    {
        "airport_identifier": "MSLP",
        "area_code": "LAM",
        "gs_angle": 3.0,
        "gs_elevation": 117,
        "gs_latitude": 13.44391389,
        "gs_longitude": -89.044125,
        "icao_code": "MS",
        "id": "MSLPMSILAN",
        "ils_mls_gls_category": "1",
        "llz_bearing": 250.0,
        "llz_frequency": 109.9,
        "llz_identifier": "ILAN",
        "llz_latitude": 13.43446111,
        "llz_longitude": -89.07393056,
        "llz_width": 3.31,
        "runway_identifier": "RW25",
        "station_declination": 0.0
    },
    {
        "airport_identifier": "MTPP",
        "area_code": "LAM",
        "gs_angle": 3.0,
        "gs_elevation": 80,
        "gs_latitude": 18.58056111,
        "gs_longitude": -72.30375,
        "icao_code": "MT",
        "id": "MTPPMTIMG",
        "ils_mls_gls_category": "1",
        "llz_bearing": 97.0,
        "llz_frequency": 111.5,
        "llz_identifier": "IMG",
        "llz_latitude": 18.58091944,
        "llz_longitude": -72.27534444,
        "llz_width": 3.64,
        "runway_identifier": "RW10",
        "station_declination": -10.0
    },
    {
        "airport_identifier": "MUCC",
        "area_code": "LAM",
        "gs_angle": 3.0,
        "gs_elevation": 98,
        "gs_latitude": 22.45645556,
        "gs_longitude": -78.33905278,
        "icao_code": "MU",
        "id": "MUCCMUICJ",
        "ils_mls_gls_category": "1",
        "llz_bearing": 79.0,
        "llz_frequency": 108.9,
        "llz_identifier": "ICJ",
        "llz_latitude": 22.46711389,
        "llz_longitude": -78.30930833,
        "llz_width": 3.4,
        "runway_identifier": "RW08",
        "station_declination": -8.0
    },
    {
        "airport_identifier": "MUCU",
        "area_code": "LAM",
        "gs_angle": 3.0,
        "gs_elevation": 210,
        "gs_latitude": 19.97082222,
        "gs_longitude": -75.84933889,
        "icao_code": "MU",
        "id": "MUCUMUICU",
        "ils_mls_gls_category": "1",
        "llz_bearing": 95.0,
        "llz_frequency": 110.7,
        "llz_identifier": "ICU",
        "llz_latitude": 19.97220278,
        "llz_longitude": -75.82109444,
        "llz_width": 5.0,
        "runway_identifier": "RW10",
        "station_declination": -9.0
    },
    {
        "airport_identifier": "MUHA",
        "area_code": "LAM",
        "gs_angle": 3.0,
        "gs_elevation": 197,
        "gs_latitude": 22.97889167,
        "gs_longitude": -82.421725,
        "icao_code": "MU",
        "id": "MUHAMUIHA",
        "ils_mls_gls_category": "1",
        "llz_bearing": 60.0,
        "llz_frequency": 110.5,
        "llz_identifier": "IHA",
        "llz_latitude": 23.00109722,
        "llz_longitude": -82.39108333,
        "llz_width": 2.86,
        "runway_identifier": "RW06",
        "station_declination": -5.0
    },
    {
        "airport_identifier": "MUHG",
        "area_code": "LAM",
        "gs_angle": 3.0,
        "gs_elevation": 279,
        "gs_latitude": 20.77833611,
        "gs_longitude": -76.32478611,
        "icao_code": "MU",
        "id": "MUHGMUIHG",
        "ils_mls_gls_category": "1",
        "llz_bearing": 55.0,
        "llz_frequency": 111.3,
        "llz_identifier": "IHG",
        "llz_latitude": 20.79840833,
        "llz_longitude": -76.30081111,
        "llz_width": 3.32,
        "runway_identifier": "RW05",
        "station_declination": -9.0
    },
    {
        "airport_identifier": "MUVR",
        "area_code": "LAM",
        "gs_angle": 3.0,
        "gs_elevation": 295,
        "gs_latitude": 23.02622222,
        "gs_longitude": -81.44566111,
        "icao_code": "MU",
        "id": "MUVRMUIVR",
        "ils_mls_gls_category": "1",
        "llz_bearing": 61.0,
        "llz_frequency": 111.3,
        "llz_identifier": "IVR",
        "llz_latitude": 23.045725,
        "llz_longitude": -81.41743056,
        "llz_width": 3.08,
        "runway_identifier": "RW06",
        "station_declination": -5.0
    },
    {
        "airport_identifier": "MZBZ",
        "area_code": "LAM",
        "gs_angle": 3.0,
        "gs_elevation": 15,
        "gs_latitude": 17.538525,
        "gs_longitude": -88.31579722,
        "icao_code": "MZ",
        "id": "MZBZMZIBZE",
        "ils_mls_gls_category": "1",
        "llz_bearing": 77.0,
        "llz_frequency": 108.9,
        "llz_identifier": "IBZE",
        "llz_latitude": 17.54328611,
        "llz_longitude": -88.28916111,
        "llz_width": 3.87,
        "runway_identifier": "RW07",
        "station_declination": -1.0
    },
    {
        "airport_identifier": "TBPB",
        "area_code": "LAM",
        "gs_angle": 3.0,
        "gs_elevation": 215,
        "gs_latitude": 13.07059167,
        "gs_longitude": -59.50399444,
        "icao_code": "TB",
        "id": "TBPBTBIBGI",
        "ils_mls_gls_category": "1",
        "llz_bearing": 91.0,
        "llz_frequency": 110.1,
        "llz_identifier": "IBGI",
        "llz_latitude": 13.07885278,
        "llz_longitude": -59.47493611,
        "llz_width": 3.4,
        "runway_identifier": "RW09",
        "station_declination": -15.0
    },
    {
        "airport_identifier": "TFFF",
        "area_code": "LAM",
        "gs_angle": 3.0,
        "gs_elevation": 10,
        "gs_latitude": 14.59005556,
        "gs_longitude": -61.01547222,
        "icao_code": "TF",
        "id": "TFFFTFFF",
        "ils_mls_gls_category": "1",
        "llz_bearing": 95.0,
        "llz_frequency": 109.9,
        "llz_identifier": "FF",
        "llz_latitude": 14.59391667,
        "llz_longitude": -60.98652778,
        "llz_width": 3.52,
        "runway_identifier": "RW10",
        "station_declination": -15.0
    },
    {
        "airport_identifier": "TFFR",
        "area_code": "LAM",
        "gs_angle": 3.2,
        "gs_elevation": 35,
        "gs_latitude": 16.26602778,
        "gs_longitude": -61.54186111,
        "icao_code": "TF",
        "id": "TFFRTFPP",
        "ils_mls_gls_category": "1",
        "llz_bearing": 116.0,
        "llz_frequency": 110.3,
        "llz_identifier": "PP",
        "llz_latitude": 16.26230556,
        "llz_longitude": -61.51572222,
        "llz_width": 3.62,
        "runway_identifier": "RW12",
        "station_declination": -15.0
    },
    {
        "airport_identifier": "TIST",
        "area_code": "LAM",
        "gs_angle": 3.0,
        "gs_elevation": 15,
        "gs_latitude": 18.33628333,
        "gs_longitude": -64.98008056,
        "icao_code": "TI",
        "id": "TISTTIITMN",
        "ils_mls_gls_category": "1",
        "llz_bearing": 100.0,
        "llz_frequency": 110.1,
        "llz_identifier": "ITMN",
        "llz_latitude": 18.33785,
        "llz_longitude": -64.96033889,
        "llz_width": 5.01,
        "runway_identifier": "RW10",
        "station_declination": -13.0
    },
    {
        "airport_identifier": "TISX",
        "area_code": "LAM",
        "gs_angle": 3.0,
        "gs_elevation": 64,
        "gs_latitude": 17.69965833,
        "gs_longitude": -64.81263889,
        "icao_code": "TI",
        "id": "TISXTIISTX",
        "ils_mls_gls_category": "1",
        "llz_bearing": 97.0,
        "llz_frequency": 109.5,
        "llz_identifier": "ISTX",
        "llz_latitude": 17.70315556,
        "llz_longitude": -64.78563333,
        "llz_width": 3.74,
        "runway_identifier": "RW10",
        "station_declination": -13.0
    },
    {
        "airport_identifier": "TJSJ",
        "area_code": "LAM",
        "gs_angle": 3.0,
        "gs_elevation": 4,
        "gs_latitude": 18.44084444,
        "gs_longitude": -66.01265833,
        "icao_code": "TJ",
        "id": "TJSJTJISJU",
        "ils_mls_gls_category": "1",
        "llz_bearing": 78.0,
        "llz_frequency": 110.3,
        "llz_identifier": "ISJU",
        "llz_latitude": 18.44994167,
        "llz_longitude": -65.98725556,
        "llz_width": 3.72,
        "runway_identifier": "RW08",
        "station_declination": -11.0
    },
    {
        "airport_identifier": "TJSJ",
        "area_code": "LAM",
        "gs_angle": 3.0,
        "gs_elevation": 5,
        "gs_latitude": 18.43265556,
        "gs_longitude": -66.01084444,
        "icao_code": "TJ",
        "id": "TJSJTJICLA",
        "ils_mls_gls_category": "1",
        "llz_bearing": 101.0,
        "llz_frequency": 109.7,
        "llz_identifier": "ICLA",
        "llz_latitude": 18.43349722,
        "llz_longitude": -65.98764444,
        "llz_width": 4.44,
        "runway_identifier": "RW10",
        "station_declination": -11.0
    },
    {
        "airport_identifier": "TNCA",
        "area_code": "LAM",
        "gs_angle": 3.0,
        "gs_elevation": 12,
        "gs_latitude": 12.50263889,
        "gs_longitude": -70.02506944,
        "icao_code": "TN",
        "id": "TNCATNIBE",
        "ils_mls_gls_category": "1",
        "llz_bearing": 115.0,
        "llz_frequency": 108.7,
        "llz_identifier": "IBE",
        "llz_latitude": 12.49818611,
        "llz_longitude": -70.00182778,
        "llz_width": 4.14,
        "runway_identifier": "RW11",
        "station_declination": -11.0
    },
    {
        "airport_identifier": "TNCC",
        "area_code": "LAM",
        "gs_angle": 3.0,
        "gs_elevation": 33,
        "gs_latitude": 12.19109722,
        "gs_longitude": -68.96466667,
        "icao_code": "TN",
        "id": "TNCCTNIATO",
        "ils_mls_gls_category": "1",
        "llz_bearing": 113.0,
        "llz_frequency": 111.9,
        "llz_identifier": "IATO",
        "llz_latitude": 12.18529722,
        "llz_longitude": -68.94252222,
        "llz_width": 3.38,
        "runway_identifier": "RW11",
        "station_declination": -11.0
    },
    {
        "airport_identifier": "TTCP",
        "area_code": "LAM",
        "gs_angle": 2.98,
        "gs_elevation": 38,
        "gs_latitude": 11.14946111,
        "gs_longitude": -60.83948333,
        "icao_code": "TT",
        "id": "TTCPTTITAB",
        "ils_mls_gls_category": "1",
        "llz_bearing": 109.0,
        "llz_frequency": 109.3,
        "llz_identifier": "ITAB",
        "llz_latitude": 11.14855833,
        "llz_longitude": -60.81688611,
        "llz_width": 4.01,
        "runway_identifier": "RW11",
        "station_declination": -15.0
    },
    {
        "airport_identifier": "TTPP",
        "area_code": "LAM",
        "gs_angle": 3.0,
        "gs_elevation": 50,
        "gs_latitude": 10.59415833,
        "gs_longitude": -61.34947778,
        "icao_code": "TT",
        "id": "TTPPTTIPOS",
        "ils_mls_gls_category": "1",
        "llz_bearing": 105.0,
        "llz_frequency": 109.7,
        "llz_identifier": "IPOS",
        "llz_latitude": 10.59541944,
        "llz_longitude": -61.31978333,
        "llz_width": 3.48,
        "runway_identifier": "RW10",
        "station_declination": -15.0
    }
]