[
    {
        "area_code": "LAM",
        "block_indicator1": null,
        "block_indicator2": null,
        "block_indicator3": null,
        "block_indicator4": null,
        "block_indicator5": null,
        "block_indicator6": null,
        "block_indicator7": null,
        "end_date": null,
        "end_waypoint_identifier": "AGNUR",
        "end_waypoint_latitude": 18.66448611,
        "end_waypoint_longitude": -72.35498889,
        "restriction_altitude1": null,
        "restriction_altitude2": null,
        "restriction_altitude3": null,
        "restriction_altitude4": null,
        "restriction_altitude5": null,
        "restriction_altitude6": null,
        "restriction_altitude7": null,
        "restriction_identifier": 1,
        "restriction_notes": "A GAP IN NAVIGATION SIGNAL EXISTS BETWEEN 17 DME/PAP AND 24 DME/PAP",
        "restriction_type": "NR",
        "route_identifier": "A315",
        "start_date": null,
        "start_waypoint_identifier": "SAVAR",
        "start_waypoint_latitude": 19.09,
        "start_waypoint_longitude": -72.60166667,
        "units_of_altitude": null
    },
    {
        "area_code": "LAM",
        "block_indicator1": null,
        "block_indicator2": null,
        "block_indicator3": null,
        "block_indicator4": null,
        "block_indicator5": null,
        "block_indicator6": null,
        "block_indicator7": null,
        "end_date": null,
        "end_waypoint_identifier": "ILURI",
        "end_waypoint_latitude": 16.30111111,
        "end_waypoint_longitude": -63.0,
        "restriction_altitude1": null,
        "restriction_altitude2": null,
        "restriction_altitude3": null,
        "restriction_altitude4": null,
        "restriction_altitude5": null,
        "restriction_altitude6": null,
        "restriction_altitude7": null,
        "restriction_identifier": 1,
        "restriction_notes": "REQUIRE NAVIGATION EQUIPMENT OTHER THAN LF OR VHF.",
        "restriction_type": "NR",
        "route_identifier": "A555",
        "start_date": null,
        "start_waypoint_identifier": "PORQE",
        "start_waypoint_latitude": 17.15999444,
        "start_waypoint_longitude": -64.01448611000001,
        "units_of_altitude": null
    },
    {
        "area_code": "LAM",
        "block_indicator1": null,
        "block_indicator2": null,
        "block_indicator3": null,
        "block_indicator4": null,
        "block_indicator5": null,
        "block_indicator6": null,
        "block_indicator7": null,
        "end_date": null,
        "end_waypoint_identifier": "TBG",
        "end_waypoint_latitude": 8.78757222,
        "end_waypoint_longitude": -79.56202222,
        "restriction_altitude1": null,
        "restriction_altitude2": null,
        "restriction_altitude3": null,
        "restriction_altitude4": null,
        "restriction_altitude5": null,
        "restriction_altitude6": null,
        "restriction_altitude7": null,
        "restriction_identifier": 1,
        "restriction_notes": "AIRWAY USABLE ONLY FOR AIRCRAFT WITH AUTOMATED NAVIGATION SYSTEMS.",
        "restriction_type": "NR",
        "route_identifier": "G434",
        "start_date": null,
        "start_waypoint_identifier": "KASOR",
        "start_waypoint_latitude": 15.0,
        "start_waypoint_longitude": -77.69527778,
        "units_of_altitude": null
    },
    {
        "area_code": "LAM",
        "block_indicator1": null,
        "block_indicator2": null,
        "block_indicator3": null,
        "block_indicator4": null,
        "block_indicator5": null,
        "block_indicator6": null,
        "block_indicator7": null,
        "end_date": null,
        "end_waypoint_identifier": "FNC",
        "end_waypoint_latitude": 9.35673889,
        "end_waypoint_longitude": -79.86949444,
        "restriction_altitude1": null,
        "restriction_altitude2": null,
        "restriction_altitude3": null,
        "restriction_altitude4": null,
        "restriction_altitude5": null,
        "restriction_altitude6": null,
        "restriction_altitude7": null,
        "restriction_identifier": 1,
        "restriction_notes": "UNUSABLE MADEN - FRANCE (FNC) VOR",
        "restriction_type": "NR",
        "route_identifier": "V4",
        "start_date": null,
        "start_waypoint_identifier": "MADEN",
        "start_waypoint_latitude": 9.18277778,
        "start_waypoint_longitude": -79.60138889,
        "units_of_altitude": null
    },
    {
        "area_code": "LAM",
        "block_indicator1": null,
        "block_indicator2": null,
        "block_indicator3": null,
        "block_indicator4": null,
        "block_indicator5": null,
        "block_indicator6": null,
        "block_indicator7": null,
        "end_date": null,
        "end_waypoint_identifier": "NEMER",
        "end_waypoint_latitude": 8.90861111,
        "end_waypoint_longitude": -79.93027778,
        "restriction_altitude1": null,
        "restriction_altitude2": null,
        "restriction_altitude3": null,
        "restriction_altitude4": null,
        "restriction_altitude5": null,
        "restriction_altitude6": null,
        "restriction_altitude7": null,
        "restriction_identifier": 111,
        "restriction_notes": "UNUSABLE FRANCE (FNC) VOR - NEMER",
        "restriction_type": "NR",
        "route_identifier": "V3",
        "start_date": null,
        "start_waypoint_identifier": "FNC",
        "start_waypoint_latitude": 9.35673889,
        "start_waypoint_longitude": -79.86949444,
        "units_of_altitude": null
    },
    {
        "area_code": "LAM",
        "block_indicator1": null,
        "block_indicator2": null,
        "block_indicator3": null,
        "block_indicator4": null,
        "block_indicator5": null,
        "block_indicator6": null,
        "block_indicator7": null,
        "end_date": null,
        "end_waypoint_identifier": "BDT",
        "end_waypoint_latitude": 9.33885,
        "end_waypoint_longitude": -82.25176111,
        "restriction_altitude1": null,
        "restriction_altitude2": null,
        "restriction_altitude3": null,
        "restriction_altitude4": null,
        "restriction_altitude5": null,
        "restriction_altitude6": null,
        "restriction_altitude7": null,
        "restriction_identifier": 12,
        "restriction_notes": "UNUSABLE MINER - BOCAS DEL TORO (BDT) VOR",
        "restriction_type": "NR",
        "route_identifier": "V17",
        "start_date": null,
        "start_waypoint_identifier": "MINER",
        "start_waypoint_latitude": 9.01055556,
        "start_waypoint_longitude": -82.31638889,
        "units_of_altitude": null
    },
    {
        "area_code": "LAM",
        "block_indicator1": null,
        "block_indicator2": null,
        "block_indicator3": null,
        "block_indicator4": null,
        "block_indicator5": null,
        "block_indicator6": null,
        "block_indicator7": null,
        "end_date": null,
        "end_waypoint_identifier": "BDT",
        "end_waypoint_latitude": 9.33885,
        "end_waypoint_longitude": -82.25176111,
        "restriction_altitude1": null,
        "restriction_altitude2": null,
        "restriction_altitude3": null,
        "restriction_altitude4": null,
        "restriction_altitude5": null,
        "restriction_altitude6": null,
        "restriction_altitude7": null,
        "restriction_identifier": 17,
        "restriction_notes": "UNUSABLE OSITO - BOCAS DEL TORO (BDT) VOR",
        "restriction_type": "NR",
        "route_identifier": "V15",
        "start_date": null,
        "start_waypoint_identifier": "OSITO",
        "start_waypoint_latitude": 8.87630556,
        "start_waypoint_longitude": -82.17483333,
        "units_of_altitude": null
    },
    {
        "area_code": "LAM",
        "block_indicator1": null,
        "block_indicator2": null,
        "block_indicator3": null,
        "block_indicator4": null,
        "block_indicator5": null,
        "block_indicator6": null,
        "block_indicator7": null,
        "end_date": null,
        "end_waypoint_identifier": "FUNDI",
        "end_waypoint_latitude": 24.0,
        "end_waypoint_longitude": -81.01194444,
        "restriction_altitude1": null,
        "restriction_altitude2": null,
        "restriction_altitude3": null,
        "restriction_altitude4": null,
        "restriction_altitude5": null,
        "restriction_altitude6": null,
        "restriction_altitude7": null,
        "restriction_identifier": 1,
        "restriction_notes": "FROM FUNDI TO SOUTH IT IS MANDATORY CONTINUE BY UM335 AND M335 ROUTE,",
        "restriction_type": "NR",
        "route_identifier": "UM335",
        "start_date": null,
        "start_waypoint_identifier": "ALVEK",
        "start_waypoint_latitude": 23.02027778,
        "start_waypoint_longitude": -80.97055556,
        "units_of_altitude": null
    },
    {
        "area_code": "LAM",
        "block_indicator1": null,
        "block_indicator2": null,
        "block_indicator3": null,
        "block_indicator4": null,
        "block_indicator5": null,
        "block_indicator6": null,
        "block_indicator7": null,
        "end_date": null,
        "end_waypoint_identifier": "GASPA",
        "end_waypoint_latitude": 20.41361111,
        "end_waypoint_longitude": -76.63666667,
        "restriction_altitude1": null,
        "restriction_altitude2": null,
        "restriction_altitude3": null,
        "restriction_altitude4": null,
        "restriction_altitude5": null,
        "restriction_altitude6": null,
        "restriction_altitude7": null,
        "restriction_identifier": 3,
        "restriction_notes": "NORTHBOUND FLIGHTS ARE ASSIGNED EVEN LEVELS UP TO FL400, THEN 430, 47",
        "restriction_type": "NR",
        "route_identifier": "UL795",
        "start_date": null,
        "start_waypoint_identifier": "DIBOK",
        "start_waypoint_latitude": 16.36166667,
        "start_waypoint_longitude": -73.64166667,
        "units_of_altitude": null
    },
    {
        "area_code": "LAM",
        "block_indicator1": null,
        "block_indicator2": null,
        "block_indicator3": null,
        "block_indicator4": null,
        "block_indicator5": null,
        "block_indicator6": null,
        "block_indicator7": null,
        "end_date": null,
        "end_waypoint_identifier": "TBG",
        "end_waypoint_latitude": 8.78757222,
        "end_waypoint_longitude": -79.56202222,
        "restriction_altitude1": null,
        "restriction_altitude2": null,
        "restriction_altitude3": null,
        "restriction_altitude4": null,
        "restriction_altitude5": null,
        "restriction_altitude6": null,
        "restriction_altitude7": null,
        "restriction_identifier": 1,
        "restriction_notes": "AIRWAY USABLE ONLY FOR AIRCRAFT WITH AUTOMATED NAVIGATION SYSTEMS.",
        "restriction_type": "NR",
        "route_identifier": "UG440",
        "start_date": null,
        "start_waypoint_identifier": "ISEBA",
        "start_waypoint_latitude": 9.54138889,
        "start_waypoint_longitude": -82.87,
        "units_of_altitude": null
    },
    {
        "area_code": "LAM",
        "block_indicator1": null,
        "block_indicator2": null,
        "block_indicator3": null,
        "block_indicator4": null,
        "block_indicator5": null,
        "block_indicator6": null,
        "block_indicator7": null,
        "end_date": null,
        "end_waypoint_identifier": "PAP",
        "end_waypoint_latitude": 18.57583333,
        "end_waypoint_longitude": -72.30277778,
        "restriction_altitude1": null,
        "restriction_altitude2": null,
        "restriction_altitude3": null,
        "restriction_altitude4": null,
        "restriction_altitude5": null,
        "restriction_altitude6": null,
        "restriction_altitude7": null,
        "restriction_identifier": 1,
        "restriction_notes": "A GAP IN NAVIGATION SIGNAL EXISTS BETWEEN 17 DME/PAP AND 24 DME/PAP",
        "restriction_type": "NR",
        "route_identifier": "UA315",
        "start_date": null,
        "start_waypoint_identifier": "SAVAR",
        "start_waypoint_latitude": 19.09,
        "start_waypoint_longitude": -72.60166667,
        "units_of_altitude": null
    },
    {
        "area_code": "LAM",
        "block_indicator1": null,
        "block_indicator2": null,
        "block_indicator3": null,
        "block_indicator4": null,
        "block_indicator5": null,
        "block_indicator6": null,
        "block_indicator7": null,
        "end_date": null,
        "end_waypoint_identifier": "CONCH",
        "end_waypoint_latitude": 20.23678889,
        "end_waypoint_longitude": -67.86581389,
        "restriction_altitude1": null,
        "restriction_altitude2": null,
        "restriction_altitude3": null,
        "restriction_altitude4": null,
        "restriction_altitude5": null,
        "restriction_altitude6": null,
        "restriction_altitude7": null,
        "restriction_identifier": 1,
        "restriction_notes": "R507 AIRWAY BETWEEN CONCH INT AND GRAND TURK (GT) NDB REQUIRES NAVAGA",
        "restriction_type": "NR",
        "route_identifier": "R507",
        "start_date": null,
        "start_waypoint_identifier": "SAPPO",
        "start_waypoint_latitude": 20.437675,
        "start_waypoint_longitude": -68.40006944,
        "units_of_altitude": null
    },
    {
        "area_code": "LAM",
        "block_indicator1": null,
        "block_indicator2": null,
        "block_indicator3": null,
        "block_indicator4": null,
        "block_indicator5": null,
        "block_indicator6": null,
        "block_indicator7": null,
        "end_date": null,
        "end_waypoint_identifier": "ALVEK",
        "end_waypoint_latitude": 23.02027778,
        "end_waypoint_longitude": -80.97055556,
        "restriction_altitude1": null,
        "restriction_altitude2": null,
        "restriction_altitude3": null,
        "restriction_altitude4": null,
        "restriction_altitude5": null,
        "restriction_altitude6": null,
        "restriction_altitude7": null,
        "restriction_identifier": 1,
        "restriction_notes": "FROM FUNDI TO SOUTH IT IS MANDATORY CONTINUE BY UM335 AND M335 ROUTE,",
        "restriction_type": "NR",
        "route_identifier": "M335",
        "start_date": null,
        "start_waypoint_identifier": "FUNDI",
        "start_waypoint_latitude": 24.0,
        "start_waypoint_longitude": -81.01194444,
        "units_of_altitude": null
    },
    {
        "area_code": "LAM",
        "block_indicator1": null,
        "block_indicator2": null,
        "block_indicator3": null,
        "block_indicator4": null,
        "block_indicator5": null,
        "block_indicator6": null,
        "block_indicator7": null,
        "end_date": null,
        "end_waypoint_identifier": "EPSOL",
        "end_waypoint_latitude": 18.78527778,
        "end_waypoint_longitude": -76.96833333,
        "restriction_altitude1": null,
        "restriction_altitude2": null,
        "restriction_altitude3": null,
        "restriction_altitude4": null,
        "restriction_altitude5": null,
        "restriction_altitude6": null,
        "restriction_altitude7": null,
        "restriction_identifier": 1,
        "restriction_notes": "WHEN INSIDE 20NM DME OF MLY VOR, MEA 7000'.",
        "restriction_type": "NR",
        "route_identifier": "L417",
        "start_date": null,
        "start_waypoint_identifier": "MLY",
        "start_waypoint_latitude": 17.93024722,
        "start_waypoint_longitude": -76.77762778,
        "units_of_altitude": null
    },
    {
        "area_code": "LAM",
        "block_indicator1": null,
        "block_indicator2": null,
        "block_indicator3": null,
        "block_indicator4": null,
        "block_indicator5": null,
        "block_indicator6": null,
        "block_indicator7": null,
        "end_date": null,
        "end_waypoint_identifier": "LEVOR",
        "end_waypoint_latitude": 15.0,
        "end_waypoint_longitude": -81.5875,
        "restriction_altitude1": null,
        "restriction_altitude2": null,
        "restriction_altitude3": null,
        "restriction_altitude4": null,
        "restriction_altitude5": null,
        "restriction_altitude6": null,
        "restriction_altitude7": null,
        "restriction_identifier": 2,
        "restriction_notes": "THE LOWER LIMIT OF CLASS A AIRSPACE OUTSIDE OF CAYMAN TMA IS 14 501 F",
        "restriction_type": "NR",
        "route_identifier": "G448",
        "start_date": null,
        "start_waypoint_identifier": "ATUVI",
        "start_waypoint_latitude": 20.0,
        "start_waypoint_longitude": -81.42083333,
        "units_of_altitude": null
    },
    {
        "area_code": "LAM",
        "block_indicator1": null,
        "block_indicator2": null,
        "block_indicator3": null,
        "block_indicator4": null,
        "block_indicator5": null,
        "block_indicator6": null,
        "block_indicator7": null,
        "end_date": null,
        "end_waypoint_identifier": "LEVOR",
        "end_waypoint_latitude": 15.0,
        "end_waypoint_longitude": -81.5875,
        "restriction_altitude1": null,
        "restriction_altitude2": null,
        "restriction_altitude3": null,
        "restriction_altitude4": null,
        "restriction_altitude5": null,
        "restriction_altitude6": null,
        "restriction_altitude7": null,
        "restriction_identifier": 1,
        "restriction_notes": "NORTHBOUND FLIGHTS ARE ASSIGNED EVEN LEVELS UP TO FL 240. SOUTHBOUND",
        "restriction_type": "NR",
        "route_identifier": "G448",
        "start_date": null,
        "start_waypoint_identifier": "ATUVI",
        "start_waypoint_latitude": 20.0,
        "start_waypoint_longitude": -81.42083333,
        "units_of_altitude": null
    },
    {
        "area_code": "LAM",
        "block_indicator1": null,
        "block_indicator2": null,
        "block_indicator3": null,
        "block_indicator4": null,
        "block_indicator5": null,
        "block_indicator6": null,
        "block_indicator7": null,
        "end_date": null,
        "end_waypoint_identifier": "TBG",
        "end_waypoint_latitude": 8.78757222,
        "end_waypoint_longitude": -79.56202222,
        "restriction_altitude1": null,
        "restriction_altitude2": null,
        "restriction_altitude3": null,
        "restriction_altitude4": null,
        "restriction_altitude5": null,
        "restriction_altitude6": null,
        "restriction_altitude7": null,
        "restriction_identifier": 1,
        "restriction_notes": "AIRWAY USABLE ONLY FOR AIRCRAFT WITH AUTOMATED NAVIGATION SYSTEMS.",
        "restriction_type": "NR",
        "route_identifier": "G440",
        "start_date": null,
        "start_waypoint_identifier": "ISEBA",
        "start_waypoint_latitude": 9.54138889,
        "start_waypoint_longitude": -82.87,
        "units_of_altitude": null
    },
    {
        "area_code": "LAM",
        "block_indicator1": null,
        "block_indicator2": null,
        "block_indicator3": null,
        "block_indicator4": null,
        "block_indicator5": null,
        "block_indicator6": null,
        "block_indicator7": null,
        "end_date": null,
        "end_waypoint_identifier": "UKLOS",
        "end_waypoint_latitude": 5.25916667,
        "end_waypoint_longitude": -79.59333333,
        "restriction_altitude1": null,
        "restriction_altitude2": null,
        "restriction_altitude3": null,
        "restriction_altitude4": null,
        "restriction_altitude5": null,
        "restriction_altitude6": null,
        "restriction_altitude7": null,
        "restriction_identifier": 1,
        "restriction_notes": "AIRWAY USABLE ONLY FOR AIRCRAFT WITH AUTOMATED NAVIGATION SYSTEMS.",
        "restriction_type": "NR",
        "route_identifier": "G437",
        "start_date": null,
        "start_waypoint_identifier": "TBG",
        "start_waypoint_latitude": 8.78757222,
        "start_waypoint_longitude": -79.56202222,
        "units_of_altitude": null
    },
    {
        "area_code": "LAM",
        "block_indicator1": null,
        "block_indicator2": null,
        "block_indicator3": null,
        "block_indicator4": null,
        "block_indicator5": null,
        "block_indicator6": null,
        "block_indicator7": null,
        "end_date": null,
        "end_waypoint_identifier": "GASPA",
        "end_waypoint_latitude": 20.41361111,
        "end_waypoint_longitude": -76.63666667,
        "restriction_altitude1": null,
        "restriction_altitude2": null,
        "restriction_altitude3": null,
        "restriction_altitude4": null,
        "restriction_altitude5": null,
        "restriction_altitude6": null,
        "restriction_altitude7": null,
        "restriction_identifier": 1,
        "restriction_notes": "WHEN FLYING SOUTHBOUND WILL BE AUTHORIZED ONLY BETWEEN URSUS AND GELO",
        "restriction_type": "NR",
        "route_identifier": "UL795",
        "start_date": null,
        "start_waypoint_identifier": "GELOG",
        "start_waypoint_latitude": 18.56166667,
        "start_waypoint_longitude": -75.17833333,
        "units_of_altitude": null
    }
]