[
    {
        "airport_identifier": "MDPC",
        "area_code": "LAM",
        "gls_approach_bearing": 86.0,
        "gls_approach_slope": 3.0,
        "gls_category": "1",
        "gls_channel": 20791,
        "gls_ref_path_identifier": "G08A",
        "gls_station_ident": "MDPC",
        "icao_code": "MD",
        "id": "MDPCMDG08A",
        "magentic_variation": -12.0,
        "runway_identifier": "RW08",
        "station_elevation": 43,
        "station_latitude": 18.57030556,
        "station_longitude": -68.38305556,
        "station_type": "L"
    },
    {
        "airport_identifier": "MDPC",
        "area_code": "LAM",
        "gls_approach_bearing": 97.0,
        "gls_approach_slope": 3.0,
        "gls_category": "1",
        "gls_channel": 21202,
        "gls_ref_path_identifier": "G09A",
        "gls_station_ident": "MDPC",
        "icao_code": "MD",
        "id": "MDPCMDG09A",
        "magentic_variation": -12.0,
        "runway_identifier": "RW09",
        "station_elevation": 47,
        "station_latitude": 18.56611111,
        "station_longitude": -68.37805556,
        "station_type": "L"
    },
    {
        "airport_identifier": "MDPC",
        "area_code": "LAM",
        "gls_approach_bearing": 266.0,
        "gls_approach_slope": 3.0,
        "gls_category": "1",
        "gls_channel": 21613,
        "gls_ref_path_identifier": "G26A",
        "gls_station_ident": "MDPC",
        "icao_code": "MD",
        "id": "MDPCMDG26A",
        "magentic_variation": -12.0,
        "runway_identifier": "RW26",
        "station_elevation": 37,
        "station_latitude": 18.57808333,
        "station_longitude": -68.35483333,
        "station_type": "L"
    },
    {
        "airport_identifier": "MDPC",
        "area_code": "LAM",
        "gls_approach_bearing": 277.0,
        "gls_approach_slope": 3.0,
        "gls_category": "1",
        "gls_channel": 22024,
        "gls_ref_path_identifier": "G27A",
        "gls_station_ident": "MDPC",
        "icao_code": "MD",
        "id": "MDPCMDG27A",
        "magentic_variation": -12.0,
        "runway_identifier": "RW27",
        "station_elevation": 36,
        "station_latitude": 18.56863889,
        "station_longitude": -68.34880556,
        "station_type": "L"
    }
]