[
    {
        "airport_identifier": "KMIA",
        "approach_procedure_ident": "R08L",
        "approach_type_identifier": "LPV",
        "area_code": "USA",
        "course_width_at_threshold": 106.75,
        "flightpath_alignment_latitude": 25.80403056,
        "flightpath_alignment_longitude": -80.27414722,
        "fpap_ellipsoid_height": -22.6,
        "fpap_orthometric_height": 2.5,
        "glidepath_angle": 3.0,
        "gnss_channel_number": 42703,
        "hal": 40,
        "icao_code": "K7",
        "landing_threshold_latitude": 25.80289722,
        "landing_threshold_longitude": -80.30154167,
        "length_offset": 128,
        "ltp_ellipsoid_height": -22.6,
        "ltp_orthometric_height": 2.5,
        "path_point_tch": 60,
        "reference_path_identifier": "W08A",
        "runway_identifier": "RW08L",
        "sbas_service_provider_identifier": 0,
        "tch_units_indicator": "F",
        "val": 50
    },
    {
        "airport_identifier": "KMIA",
        "approach_procedure_ident": "R08RZ",
        "approach_type_identifier": "LPV",
        "area_code": "USA",
        "course_width_at_threshold": 106.75,
        "flightpath_alignment_latitude": 25.80201389,
        "flightpath_alignment_longitude": -80.26953333,
        "fpap_ellipsoid_height": -22.5,
        "fpap_orthometric_height": 2.6,
        "glidepath_angle": 3.0,
        "gnss_channel_number": 97404,
        "hal": 40,
        "icao_code": "K7",
        "landing_threshold_latitude": 25.80069722,
        "landing_threshold_longitude": -80.30143056,
        "length_offset": 0,
        "ltp_ellipsoid_height": -22.5,
        "ltp_orthometric_height": 2.6,
        "path_point_tch": 50.7,
        "reference_path_identifier": "W08B",
        "runway_identifier": "RW08R",
        "sbas_service_provider_identifier": 0,
        "tch_units_indicator": "F",
        "val": 50
    },
    {
        "airport_identifier": "KMIA",
        "approach_procedure_ident": "R09",
        "approach_type_identifier": "LPV",
        "area_code": "USA",
        "course_width_at_threshold": 106.75,
        "flightpath_alignment_latitude": 25.78773056,
        "flightpath_alignment_longitude": -80.27532222,
        "fpap_ellipsoid_height": -22.7,
        "fpap_orthometric_height": 2.4,
        "glidepath_angle": 3.0,
        "gnss_channel_number": 81931,
        "hal": 40,
        "icao_code": "K7",
        "landing_threshold_latitude": 25.78626389,
        "landing_threshold_longitude": -80.31071389,
        "length_offset": 0,
        "ltp_ellipsoid_height": -22.7,
        "ltp_orthometric_height": 2.4,
        "path_point_tch": 56,
        "reference_path_identifier": "W09A",
        "runway_identifier": "RW09",
        "sbas_service_provider_identifier": 0,
        "tch_units_indicator": "F",
        "val": 35
    },
    {
        "airport_identifier": "KMIA",
        "approach_procedure_ident": "R12-Z",
        "approach_type_identifier": "LPV",
        "area_code": "USA",
        "course_width_at_threshold": 106.75,
        "flightpath_alignment_latitude": 25.78661667,
        "flightpath_alignment_longitude": -80.27752222,
        "fpap_ellipsoid_height": -22.4,
        "fpap_orthometric_height": 2.8,
        "glidepath_angle": 3.0,
        "gnss_channel_number": 61204,
        "hal": 40,
        "icao_code": "K7",
        "landing_threshold_latitude": 25.79928333,
        "landing_threshold_longitude": -80.30228889,
        "length_offset": 0,
        "ltp_ellipsoid_height": -22.4,
        "ltp_orthometric_height": 2.8,
        "path_point_tch": 56.4,
        "reference_path_identifier": "W12A",
        "runway_identifier": "RW12",
        "sbas_service_provider_identifier": 0,
        "tch_units_indicator": "F",
        "val": 50
    },
    {
        "airport_identifier": "KMIA",
        "approach_procedure_ident": "R26LY",
        "approach_type_identifier": "LPV",
        "area_code": "USA",
        "course_width_at_threshold": 106.75,
        "flightpath_alignment_latitude": 25.80069722,
        "flightpath_alignment_longitude": -80.30143333,
        "fpap_ellipsoid_height": -22.5,
        "fpap_orthometric_height": 2.7,
        "glidepath_angle": 3.0,
        "gnss_channel_number": 81905,
        "hal": 40,
        "icao_code": "K7",
        "landing_threshold_latitude": 25.80201667,
        "landing_threshold_longitude": -80.26953333,
        "length_offset": 0,
        "ltp_ellipsoid_height": -22.5,
        "ltp_orthometric_height": 2.7,
        "path_point_tch": 57.6,
        "reference_path_identifier": "W26B",
        "runway_identifier": "RW26L",
        "sbas_service_provider_identifier": 0,
        "tch_units_indicator": "F",
        "val": 35
    },
    {
        "airport_identifier": "KMIA",
        "approach_procedure_ident": "R26R",
        "approach_type_identifier": "LPV",
        "area_code": "USA",
        "course_width_at_threshold": 106.75,
        "flightpath_alignment_latitude": 25.80284444,
        "flightpath_alignment_longitude": -80.302825,
        "fpap_ellipsoid_height": -22.5,
        "fpap_orthometric_height": 2.7,
        "glidepath_angle": 3.0,
        "gnss_channel_number": 86903,
        "hal": 40,
        "icao_code": "K7",
        "landing_threshold_latitude": 25.80397778,
        "landing_threshold_longitude": -80.27542778,
        "length_offset": 128,
        "ltp_ellipsoid_height": -22.5,
        "ltp_orthometric_height": 2.7,
        "path_point_tch": 60,
        "reference_path_identifier": "W26A",
        "runway_identifier": "RW26R",
        "sbas_service_provider_identifier": 0,
        "tch_units_indicator": "F",
        "val": 50
    },
    {
        "airport_identifier": "KMIA",
        "approach_procedure_ident": "R27-Y",
        "approach_type_identifier": "LPV",
        "area_code": "USA",
        "course_width_at_threshold": 109.75,
        "flightpath_alignment_latitude": 25.78609444,
        "flightpath_alignment_longitude": -80.31483611,
        "fpap_ellipsoid_height": -22.5,
        "fpap_orthometric_height": 2.7,
        "glidepath_angle": 3.0,
        "gnss_channel_number": 40205,
        "hal": 40,
        "icao_code": "K7",
        "landing_threshold_latitude": 25.78769722,
        "landing_threshold_longitude": -80.27611667,
        "length_offset": 0,
        "ltp_ellipsoid_height": -22.5,
        "ltp_orthometric_height": 2.7,
        "path_point_tch": 55,
        "reference_path_identifier": "W27A",
        "runway_identifier": "RW27",
        "sbas_service_provider_identifier": 0,
        "tch_units_indicator": "F",
        "val": 35
    },
    {
        "airport_identifier": "KMIA",
        "approach_procedure_ident": "R30-Z",
        "approach_type_identifier": "LPV",
        "area_code": "USA",
        "course_width_at_threshold": 106.75,
        "flightpath_alignment_latitude": 25.79927222,
        "flightpath_alignment_longitude": -80.30223056,
        "fpap_ellipsoid_height": -22.5,
        "fpap_orthometric_height": 2.7,
        "glidepath_angle": 3.0,
        "gnss_channel_number": 40105,
        "hal": 40,
        "icao_code": "K7",
        "landing_threshold_latitude": 25.78789444,
        "landing_threshold_longitude": -80.28002222,
        "length_offset": 184,
        "ltp_ellipsoid_height": -22.5,
        "ltp_orthometric_height": 2.7,
        "path_point_tch": 51.1,
        "reference_path_identifier": "W30A",
        "runway_identifier": "RW30",
        "sbas_service_provider_identifier": 0,
        "tch_units_indicator": "F",
        "val": 50
    }
]