[
    {
        "area_code": "LAM",
        "callsign": "SANTO DOMINGO",
        "communication_frequency": 124.3,
        "communication_type": "ACC",
        "fir_rdo_ident": "MDCS",
        "fir_uir_indicator": "U",
        "frequency_units": "V",
        "latitude": 19.7579,
        "longitude": -70.57003333,
        "remote_name": "PUERTO PLATA",
        "service_indicator": "  R"
    },
    {
        "area_code": "LAM",
        "callsign": "SANTO DOMINGO",
        "communication_frequency": 124.8,
        "communication_type": "ACC",
        "fir_rdo_ident": "MDCS",
        "fir_uir_indicator": "U",
        "frequency_units": "V",
        "latitude": 19.7579,
        "longitude": -70.57003333,
        "remote_name": "PUERTO PLATA",
        "service_indicator": " SR"
    },
    {
        "area_code": "LAM",
        "callsign": "SANTO DOMINGO",
        "communication_frequency": 124.3,
        "communication_type": "ACC",
        "fir_rdo_ident": "MDCS",
        "fir_uir_indicator": "U",
        "frequency_units": "V",
        "latitude": 19.26944444,
        "longitude": -69.73694444,
        "remote_name": "SAMANA",
        "service_indicator": "  R"
    },
    {
        "area_code": "LAM",
        "callsign": "SANTO DOMINGO",
        "communication_frequency": 124.8,
        "communication_type": "ACC",
        "fir_rdo_ident": "MDCS",
        "fir_uir_indicator": "U",
        "frequency_units": "V",
        "latitude": 19.26944444,
        "longitude": -69.73694444,
        "remote_name": "SAMANA",
        "service_indicator": " SR"
    },
    {
        "area_code": "LAM",
        "callsign": "SANTO DOMINGO",
        "communication_frequency": 127.8,
        "communication_type": "ACC",
        "fir_rdo_ident": "MDCS",
        "fir_uir_indicator": "U",
        "frequency_units": "V",
        "latitude": 18.50388889,
        "longitude": -69.76166667,
        "remote_name": "SAN ISIDRO",
        "service_indicator": "  R"
    },
    {
        "area_code": "LAM",
        "callsign": "SANTO DOMINGO",
        "communication_frequency": 124.3,
        "communication_type": "ACC",
        "fir_rdo_ident": "MDCS",
        "fir_uir_indicator": "U",
        "frequency_units": "V",
        "latitude": 19.40609167,
        "longitude": -70.60468889,
        "remote_name": "SANTIAGO",
        "service_indicator": "  R"
    },
    {
        "area_code": "LAM",
        "callsign": "SANTO DOMINGO",
        "communication_frequency": 124.8,
        "communication_type": "ACC",
        "fir_rdo_ident": "MDCS",
        "fir_uir_indicator": "U",
        "frequency_units": "V",
        "latitude": 19.40609167,
        "longitude": -70.60468889,
        "remote_name": "SANTIAGO",
        "service_indicator": " SR"
    },
    {
        "area_code": "LAM",
        "callsign": "SANTO DOMINGO",
        "communication_frequency": 124.3,
        "communication_type": "ACC",
        "fir_rdo_ident": "MDCS",
        "fir_uir_indicator": "U",
        "frequency_units": "V",
        "latitude": 18.42966389,
        "longitude": -69.668925,
        "remote_name": "SANTO DOMINGO",
        "service_indicator": "  R"
    },
    {
        "area_code": "LAM",
        "callsign": "SANTO DOMINGO",
        "communication_frequency": 124.8,
        "communication_type": "ACC",
        "fir_rdo_ident": "MDCS",
        "fir_uir_indicator": "U",
        "frequency_units": "V",
        "latitude": 18.42966389,
        "longitude": -69.668925,
        "remote_name": "SANTO DOMINGO",
        "service_indicator": " SR"
    },
    {
        "area_code": "LAM",
        "callsign": "SANTO DOMINGO",
        "communication_frequency": 127.8,
        "communication_type": "ACC",
        "fir_rdo_ident": "MDCS",
        "fir_uir_indicator": "U",
        "frequency_units": "V",
        "latitude": 18.42966389,
        "longitude": -69.668925,
        "remote_name": "SANTO DOMINGO",
        "service_indicator": "  R"
    },
    {
        "area_code": "LAM",
        "callsign": "SANTO DOMINGO",
        "communication_frequency": 127.8,
        "communication_type": "ACC",
        "fir_rdo_ident": "MDCS",
        "fir_uir_indicator": "U",
        "frequency_units": "V",
        "latitude": 18.572275,
        "longitude": -69.98566944,
        "remote_name": "SANTO DOMINGO/EL HIGUERO",
        "service_indicator": "  R"
    },
    {
        "area_code": "LAM",
        "callsign": "MONTE CRISTI",
        "communication_frequency": 122.7,
        "communication_type": "INF",
        "fir_rdo_ident": "MDMC",
        "fir_uir_indicator": null,
        "frequency_units": "V",
        "latitude": 19.86333333,
        "longitude": -71.64666667,
        "remote_name": null,
        "service_indicator": " A"
    },
    {
        "area_code": "LAM",
        "callsign": "SANTO DOMINGO",
        "communication_frequency": 122.0,
        "communication_type": "FSS",
        "fir_rdo_ident": "MDSD",
        "fir_uir_indicator": null,
        "frequency_units": "V",
        "latitude": 18.42966389,
        "longitude": -69.668925,
        "remote_name": null,
        "service_indicator": null
    },
    {
        "area_code": "LAM",
        "callsign": "SANTO DOMINGO",
        "communication_frequency": 119.5,
        "communication_type": "INF",
        "fir_rdo_ident": "MDSD",
        "fir_uir_indicator": null,
        "frequency_units": "V",
        "latitude": 18.42966389,
        "longitude": -69.668925,
        "remote_name": "SANTO DOMINGO",
        "service_indicator": "  R"
    },
    {
        "area_code": "LAM",
        "callsign": "SANTO DOMINGO",
        "communication_frequency": 126.9,
        "communication_type": "INF",
        "fir_rdo_ident": "MDSD",
        "fir_uir_indicator": null,
        "frequency_units": "V",
        "latitude": 18.42966389,
        "longitude": -69.668925,
        "remote_name": "SANTO DOMINGO",
        "service_indicator": "  R"
    },
    {
        "area_code": "LAM",
        "callsign": "CENAMER",
        "communication_frequency": 123.9,
        "communication_type": "ACC",
        "fir_rdo_ident": "MHCC",
        "fir_uir_indicator": "B",
        "frequency_units": "V",
        "latitude": 17.53908889,
        "longitude": -88.3082,
        "remote_name": "BELIZE CITY",
        "service_indicator": " SR"
    },
    {
        "area_code": "LAM",
        "callsign": "CENAMER",
        "communication_frequency": 133.5,
        "communication_type": "ACC",
        "fir_rdo_ident": "MHCC",
        "fir_uir_indicator": "B",
        "frequency_units": "V",
        "latitude": 17.53908889,
        "longitude": -88.3082,
        "remote_name": "BELIZE CITY",
        "service_indicator": "  R"
    },
    {
        "area_code": "LAM",
        "callsign": "CENAMER",
        "communication_frequency": 123.9,
        "communication_type": "ACC",
        "fir_rdo_ident": "MHCC",
        "fir_uir_indicator": "B",
        "frequency_units": "V",
        "latitude": 14.58333333,
        "longitude": -90.5275,
        "remote_name": "GUATEMALA CITY",
        "service_indicator": " SR"
    },
    {
        "area_code": "LAM",
        "callsign": "CENAMER",
        "communication_frequency": 124.1,
        "communication_type": "ACC",
        "fir_rdo_ident": "MHCC",
        "fir_uir_indicator": "B",
        "frequency_units": "V",
        "latitude": 12.14174167,
        "longitude": -86.16976944,
        "remote_name": "MANAGUA",
        "service_indicator": "  R"
    },
    {
        "area_code": "LAM",
        "callsign": "SANTO DOMINGO",
        "communication_frequency": 124.8,
        "communication_type": "ACC",
        "fir_rdo_ident": "MDCS",
        "fir_uir_indicator": "U",
        "frequency_units": "V",
        "latitude": 18.4525,
        "longitude": -68.91138889,
        "remote_name": "LA ROMANA",
        "service_indicator": " SR"
    },
    {
        "area_code": "LAM",
        "callsign": "SANTO DOMINGO",
        "communication_frequency": 124.3,
        "communication_type": "ACC",
        "fir_rdo_ident": "MDCS",
        "fir_uir_indicator": "U",
        "frequency_units": "V",
        "latitude": 18.4525,
        "longitude": -68.91138889,
        "remote_name": "LA ROMANA",
        "service_indicator": "  R"
    },
    {
        "area_code": "LAM",
        "callsign": "SANTO DOMINGO",
        "communication_frequency": 127.8,
        "communication_type": "ACC",
        "fir_rdo_ident": "MDCS",
        "fir_uir_indicator": "U",
        "frequency_units": "V",
        "latitude": 18.57078056,
        "longitude": -68.36618611,
        "remote_name": "HIGUEY",
        "service_indicator": "  R"
    },
    {
        "area_code": "LAM",
        "callsign": "SANTO DOMINGO",
        "communication_frequency": 124.3,
        "communication_type": "ACC",
        "fir_rdo_ident": "MDCS",
        "fir_uir_indicator": "U",
        "frequency_units": "V",
        "latitude": 18.57078056,
        "longitude": -68.36618611,
        "remote_name": "HIGUEY",
        "service_indicator": "  R"
    },
    {
        "area_code": "LAM",
        "callsign": "CENAMER",
        "communication_frequency": 124.3,
        "communication_type": "ACC",
        "fir_rdo_ident": "MHCC",
        "fir_uir_indicator": "B",
        "frequency_units": "V",
        "latitude": 16.31728333,
        "longitude": -86.52229444,
        "remote_name": "ROATAN",
        "service_indicator": "  R"
    },
    {
        "area_code": "LAM",
        "callsign": "SANTO DOMINGO",
        "communication_frequency": 125.65,
        "communication_type": "ACC",
        "fir_rdo_ident": "MDCS",
        "fir_uir_indicator": "F",
        "frequency_units": "V",
        "latitude": 18.25178889,
        "longitude": -71.12019167,
        "remote_name": "BARAHONA",
        "service_indicator": " SR"
    },
    {
        "area_code": "LAM",
        "callsign": "SANTO DOMINGO",
        "communication_frequency": 125.65,
        "communication_type": "ACC",
        "fir_rdo_ident": "MDCS",
        "fir_uir_indicator": "F",
        "frequency_units": "V",
        "latitude": 18.50388889,
        "longitude": -69.76166667,
        "remote_name": "SAN ISIDRO",
        "service_indicator": " SR"
    },
    {
        "area_code": "LAM",
        "callsign": "SANTO DOMINGO",
        "communication_frequency": 125.65,
        "communication_type": "ACC",
        "fir_rdo_ident": "MDCS",
        "fir_uir_indicator": "F",
        "frequency_units": "V",
        "latitude": 18.42966389,
        "longitude": -69.668925,
        "remote_name": "SANTO DOMINGO",
        "service_indicator": " SR"
    },
    {
        "area_code": "LAM",
        "callsign": "SANTO DOMINGO",
        "communication_frequency": 125.65,
        "communication_type": "ACC",
        "fir_rdo_ident": "MDCS",
        "fir_uir_indicator": "F",
        "frequency_units": "V",
        "latitude": 18.572275,
        "longitude": -69.98566944,
        "remote_name": "SANTO DOMINGO/EL HIGUERO",
        "service_indicator": " SR"
    },
    {
        "area_code": "LAM",
        "callsign": "SANTO DOMINGO",
        "communication_frequency": 127.8,
        "communication_type": "ACC",
        "fir_rdo_ident": "MDCS",
        "fir_uir_indicator": "U",
        "frequency_units": "V",
        "latitude": 18.25178889,
        "longitude": -71.12019167,
        "remote_name": "BARAHONA",
        "service_indicator": "  R"
    },
    {
        "area_code": "LAM",
        "callsign": "CENAMER",
        "communication_frequency": 124.1,
        "communication_type": "ACC",
        "fir_rdo_ident": "MHCC",
        "fir_uir_indicator": "B",
        "frequency_units": "V",
        "latitude": 9.99390278,
        "longitude": -84.20885556,
        "remote_name": "SAN JOSE",
        "service_indicator": "  R"
    },
    {
        "area_code": "LAM",
        "callsign": "CENAMER",
        "communication_frequency": 123.9,
        "communication_type": "ACC",
        "fir_rdo_ident": "MHCC",
        "fir_uir_indicator": "B",
        "frequency_units": "V",
        "latitude": 15.45195833,
        "longitude": -87.92415278,
        "remote_name": "SAN PEDRO SULA",
        "service_indicator": " SR"
    },
    {
        "area_code": "LAM",
        "callsign": "CENAMER",
        "communication_frequency": 123.9,
        "communication_type": "ACC",
        "fir_rdo_ident": "MHCC",
        "fir_uir_indicator": "B",
        "frequency_units": "V",
        "latitude": 13.69949167,
        "longitude": -89.11985833,
        "remote_name": "SAN SALVADOR",
        "service_indicator": " SR"
    },
    {
        "area_code": "LAM",
        "callsign": "MEXICO CONTROL",
        "communication_frequency": 128.5,
        "communication_type": "ACC",
        "fir_rdo_ident": "MMEX",
        "fir_uir_indicator": "B",
        "frequency_units": "V",
        "latitude": 19.43639722,
        "longitude": -99.07197222,
        "remote_name": "MEXICO CITY",
        "service_indicator": "  R"
    },
    {
        "area_code": "LAM",
        "callsign": "MEXICO CONTROL",
        "communication_frequency": 123.5,
        "communication_type": "ACC",
        "fir_rdo_ident": "MMEX",
        "fir_uir_indicator": "B",
        "frequency_units": "V",
        "latitude": 16.99858611,
        "longitude": -96.72604167,
        "remote_name": "OAXACA",
        "service_indicator": "  R"
    },
    {
        "area_code": "LAM",
        "callsign": "MEXICO CONTROL",
        "communication_frequency": 133.1,
        "communication_type": "ACC",
        "fir_rdo_ident": "MMEX",
        "fir_uir_indicator": "B",
        "frequency_units": "V",
        "latitude": 20.61737778,
        "longitude": -100.18569444,
        "remote_name": "QUERETARO",
        "service_indicator": "  R"
    },
    {
        "area_code": "LAM",
        "callsign": "MEXICO CONTROL",
        "communication_frequency": 133.2,
        "communication_type": "ACC",
        "fir_rdo_ident": "MMEX",
        "fir_uir_indicator": "B",
        "frequency_units": "V",
        "latitude": 20.61737778,
        "longitude": -100.18569444,
        "remote_name": "QUERETARO",
        "service_indicator": "  R"
    },
    {
        "area_code": "LAM",
        "callsign": "MEXICO CONTROL",
        "communication_frequency": 126.6,
        "communication_type": "ACC",
        "fir_rdo_ident": "MMEX",
        "fir_uir_indicator": "B",
        "frequency_units": "V",
        "latitude": 22.28982222,
        "longitude": -97.86441389,
        "remote_name": "TAMPICO",
        "service_indicator": "  R"
    },
    {
        "area_code": "LAM",
        "callsign": "MEXICO CONTROL",
        "communication_frequency": 124.0,
        "communication_type": "ACC",
        "fir_rdo_ident": "MMEX",
        "fir_uir_indicator": "B",
        "frequency_units": "V",
        "latitude": 19.14578056,
        "longitude": -96.18736389,
        "remote_name": "VERACRUZ",
        "service_indicator": "  R"
    },
    {
        "area_code": "LAM",
        "callsign": "MEXICO CONTROL",
        "communication_frequency": 126.15,
        "communication_type": "ACC",
        "fir_rdo_ident": "MMFR",
        "fir_uir_indicator": null,
        "frequency_units": "V",
        "latitude": 20.52183611,
        "longitude": -103.31114444,
        "remote_name": "GUADALAJARA",
        "service_indicator": "  R"
    },
    {
        "area_code": "LAM",
        "callsign": "MEXICO CONTROL",
        "communication_frequency": 133.3,
        "communication_type": "ACC",
        "fir_rdo_ident": "MMFR",
        "fir_uir_indicator": null,
        "frequency_units": "V",
        "latitude": 20.52183611,
        "longitude": -103.31114444,
        "remote_name": "GUADALAJARA",
        "service_indicator": "  R"
    },
    {
        "area_code": "LAM",
        "callsign": "MAZATLAN CONTROL",
        "communication_frequency": 128.75,
        "communication_type": "ACC",
        "fir_rdo_ident": "MMFR",
        "fir_uir_indicator": null,
        "frequency_units": "V",
        "latitude": 23.16148056,
        "longitude": -106.26457222,
        "remote_name": "MAZATLAN",
        "service_indicator": "  R"
    },
    {
        "area_code": "LAM",
        "callsign": "MEXICO CONTROL",
        "communication_frequency": 125.1,
        "communication_type": "ACC",
        "fir_rdo_ident": "MMEX",
        "fir_uir_indicator": "B",
        "frequency_units": "V",
        "latitude": 20.9933,
        "longitude": -101.48096111,
        "remote_name": "LEON",
        "service_indicator": "  R"
    },
    {
        "area_code": "LAM",
        "callsign": "MERIDA CONTROL",
        "communication_frequency": 126.7,
        "communication_type": "ACC",
        "fir_rdo_ident": "MMID",
        "fir_uir_indicator": "B",
        "frequency_units": "V",
        "latitude": 19.81680556,
        "longitude": -90.50030833,
        "remote_name": "CAMPECHE",
        "service_indicator": "  R"
    },
    {
        "area_code": "LAM",
        "callsign": "MERIDA CONTROL",
        "communication_frequency": 128.2,
        "communication_type": "ACC",
        "fir_rdo_ident": "MMID",
        "fir_uir_indicator": "B",
        "frequency_units": "V",
        "latitude": 21.04274167,
        "longitude": -86.8732,
        "remote_name": "CANCUN",
        "service_indicator": "  R"
    },
    {
        "area_code": "LAM",
        "callsign": "MERIDA CONTROL",
        "communication_frequency": 123.75,
        "communication_type": "ACC",
        "fir_rdo_ident": "MMID",
        "fir_uir_indicator": "B",
        "frequency_units": "V",
        "latitude": 20.93702222,
        "longitude": -89.65769444,
        "remote_name": "MERIDA",
        "service_indicator": "  R"
    },
    {
        "area_code": "LAM",
        "callsign": "MERIDA CONTROL",
        "communication_frequency": 125.2,
        "communication_type": "ACC",
        "fir_rdo_ident": "MMID",
        "fir_uir_indicator": "B",
        "frequency_units": "V",
        "latitude": 20.93702222,
        "longitude": -89.65769444,
        "remote_name": "MERIDA",
        "service_indicator": "  R"
    },
    {
        "area_code": "LAM",
        "callsign": "MERIDA CONTROL",
        "communication_frequency": 128.3,
        "communication_type": "ACC",
        "fir_rdo_ident": "MMID",
        "fir_uir_indicator": "B",
        "frequency_units": "V",
        "latitude": 16.56182222,
        "longitude": -93.02608056,
        "remote_name": "TUXTLA GUTIERREZ",
        "service_indicator": "  R"
    },
    {
        "area_code": "LAM",
        "callsign": "MONTERREY CONTROL",
        "communication_frequency": 125.42,
        "communication_type": "ACC",
        "fir_rdo_ident": "MMTY",
        "fir_uir_indicator": "B",
        "frequency_units": "V",
        "latitude": 28.70232778,
        "longitude": -105.96296389,
        "remote_name": "CHIHUAHUA",
        "service_indicator": "  R"
    },
    {
        "area_code": "LAM",
        "callsign": "MONTERREY CONTROL",
        "communication_frequency": 125.6,
        "communication_type": "ACC",
        "fir_rdo_ident": "MMTY",
        "fir_uir_indicator": "B",
        "frequency_units": "V",
        "latitude": 28.70232778,
        "longitude": -105.96296389,
        "remote_name": "CHIHUAHUA",
        "service_indicator": "  R"
    },
    {
        "area_code": "LAM",
        "callsign": "MONTERREY CONTROL",
        "communication_frequency": 124.5,
        "communication_type": "ACC",
        "fir_rdo_ident": "MMTY",
        "fir_uir_indicator": "B",
        "frequency_units": "V",
        "latitude": 25.76994722,
        "longitude": -97.52523333,
        "remote_name": "MATAMOROS",
        "service_indicator": "  R"
    },
    {
        "area_code": "LAM",
        "callsign": "MONTERREY CONTROL",
        "communication_frequency": 127.4,
        "communication_type": "ACC",
        "fir_rdo_ident": "MMTY",
        "fir_uir_indicator": "B",
        "frequency_units": "V",
        "latitude": 26.9555,
        "longitude": -101.47103889,
        "remote_name": "MONCLOVA",
        "service_indicator": "  R"
    },
    {
        "area_code": "LAM",
        "callsign": "MONTERREY CONTROL",
        "communication_frequency": 126.4,
        "communication_type": "ACC",
        "fir_rdo_ident": "MMTY",
        "fir_uir_indicator": "B",
        "frequency_units": "V",
        "latitude": 25.56828889,
        "longitude": -103.41067778,
        "remote_name": "TORREON",
        "service_indicator": "  R"
    },
    {
        "area_code": "LAM",
        "callsign": "MERIDA CONTROL",
        "communication_frequency": 125.8,
        "communication_type": "ACC",
        "fir_rdo_ident": "MMID",
        "fir_uir_indicator": "B",
        "frequency_units": "V",
        "latitude": 21.04274167,
        "longitude": -86.8732,
        "remote_name": "CANCUN",
        "service_indicator": "  R"
    },
    {
        "area_code": "LAM",
        "callsign": "MEXICO CONTROL",
        "communication_frequency": 126.15,
        "communication_type": "ACC",
        "fir_rdo_ident": "MMEX",
        "fir_uir_indicator": "B",
        "frequency_units": "V",
        "latitude": 17.60162222,
        "longitude": -101.46055278,
        "remote_name": "IXTAPA-ZIHUATANEJO",
        "service_indicator": "  R"
    },
    {
        "area_code": "LAM",
        "callsign": "MEXICO CONTROL",
        "communication_frequency": 123.9,
        "communication_type": "ACC",
        "fir_rdo_ident": "MMEX",
        "fir_uir_indicator": "B",
        "frequency_units": "V",
        "latitude": 21.70548333,
        "longitude": -102.31789444,
        "remote_name": "AGUASCALIENTES",
        "service_indicator": "  R"
    },
    {
        "area_code": "LAM",
        "callsign": "CENAMER",
        "communication_frequency": 123.9,
        "communication_type": "ACC",
        "fir_rdo_ident": "MHCC",
        "fir_uir_indicator": "B",
        "frequency_units": "V",
        "latitude": 14.06025556,
        "longitude": -87.21741111,
        "remote_name": "TEGUCIGALPA",
        "service_indicator": " SR"
    },
    {
        "area_code": "LAM",
        "callsign": "CENAMER",
        "communication_frequency": 2887.0,
        "communication_type": "RDO",
        "fir_rdo_ident": "MHCC",
        "fir_uir_indicator": "B",
        "frequency_units": "H",
        "latitude": 14.06025556,
        "longitude": -87.21741111,
        "remote_name": "TEGUCIGALPA",
        "service_indicator": " AR"
    },
    {
        "area_code": "LAM",
        "callsign": "CENAMER",
        "communication_frequency": 5550.0,
        "communication_type": "RDO",
        "fir_rdo_ident": "MHCC",
        "fir_uir_indicator": "B",
        "frequency_units": "H",
        "latitude": 14.06025556,
        "longitude": -87.21741111,
        "remote_name": "TEGUCIGALPA",
        "service_indicator": " AR"
    },
    {
        "area_code": "LAM",
        "callsign": "CENAMER",
        "communication_frequency": 6577.0,
        "communication_type": "RDO",
        "fir_rdo_ident": "MHCC",
        "fir_uir_indicator": "B",
        "frequency_units": "H",
        "latitude": 14.06025556,
        "longitude": -87.21741111,
        "remote_name": "TEGUCIGALPA",
        "service_indicator": " AR"
    },
    {
        "area_code": "LAM",
        "callsign": "CENAMER",
        "communication_frequency": 6649.0,
        "communication_type": "RDO",
        "fir_rdo_ident": "MHCC",
        "fir_uir_indicator": "B",
        "frequency_units": "H",
        "latitude": 14.06025556,
        "longitude": -87.21741111,
        "remote_name": "TEGUCIGALPA",
        "service_indicator": " AR"
    },
    {
        "area_code": "LAM",
        "callsign": "CENAMER",
        "communication_frequency": 8918.0,
        "communication_type": "RDO",
        "fir_rdo_ident": "MHCC",
        "fir_uir_indicator": "B",
        "frequency_units": "H",
        "latitude": 14.06025556,
        "longitude": -87.21741111,
        "remote_name": "TEGUCIGALPA",
        "service_indicator": " AR"
    },
    {
        "area_code": "LAM",
        "callsign": "CENAMER",
        "communication_frequency": 10024.0,
        "communication_type": "RDO",
        "fir_rdo_ident": "MHCC",
        "fir_uir_indicator": "B",
        "frequency_units": "H",
        "latitude": 14.06025556,
        "longitude": -87.21741111,
        "remote_name": "TEGUCIGALPA",
        "service_indicator": " AR"
    },
    {
        "area_code": "LAM",
        "callsign": "CENAMER",
        "communication_frequency": 11396.0,
        "communication_type": "RDO",
        "fir_rdo_ident": "MHCC",
        "fir_uir_indicator": "B",
        "frequency_units": "H",
        "latitude": 14.06025556,
        "longitude": -87.21741111,
        "remote_name": "TEGUCIGALPA",
        "service_indicator": " AR"
    },
    {
        "area_code": "LAM",
        "callsign": "CENAMER",
        "communication_frequency": 13297.0,
        "communication_type": "RDO",
        "fir_rdo_ident": "MHCC",
        "fir_uir_indicator": "B",
        "frequency_units": "H",
        "latitude": 14.06025556,
        "longitude": -87.21741111,
        "remote_name": "TEGUCIGALPA",
        "service_indicator": " AR"
    },
    {
        "area_code": "LAM",
        "callsign": "MEXICO CONTROL",
        "communication_frequency": 127.3,
        "communication_type": "ACC",
        "fir_rdo_ident": "MMEX",
        "fir_uir_indicator": "B",
        "frequency_units": "V",
        "latitude": 21.70548333,
        "longitude": -102.31789444,
        "remote_name": "AGUASCALIENTES",
        "service_indicator": "  R"
    },
    {
        "area_code": "LAM",
        "callsign": "CENAMER",
        "communication_frequency": 133.5,
        "communication_type": "ACC",
        "fir_rdo_ident": "MHTG",
        "fir_uir_indicator": null,
        "frequency_units": "V",
        "latitude": 14.58333333,
        "longitude": -90.5275,
        "remote_name": "GUATEMALA CITY",
        "service_indicator": "  R"
    },
    {
        "area_code": "LAM",
        "callsign": "CENAMER",
        "communication_frequency": 133.5,
        "communication_type": "ACC",
        "fir_rdo_ident": "MHTG",
        "fir_uir_indicator": null,
        "frequency_units": "V",
        "latitude": 15.45195833,
        "longitude": -87.92415278,
        "remote_name": "SAN PEDRO SULA",
        "service_indicator": "  R"
    },
    {
        "area_code": "LAM",
        "callsign": "CENAMER",
        "communication_frequency": 133.5,
        "communication_type": "ACC",
        "fir_rdo_ident": "MHTG",
        "fir_uir_indicator": null,
        "frequency_units": "V",
        "latitude": 13.69949167,
        "longitude": -89.11985833,
        "remote_name": "SAN SALVADOR",
        "service_indicator": "  R"
    },
    {
        "area_code": "LAM",
        "callsign": "CENAMER",
        "communication_frequency": 133.5,
        "communication_type": "ACC",
        "fir_rdo_ident": "MHTG",
        "fir_uir_indicator": null,
        "frequency_units": "V",
        "latitude": 14.06025556,
        "longitude": -87.21741111,
        "remote_name": "TEGUCIGALPA",
        "service_indicator": "  R"
    },
    {
        "area_code": "LAM",
        "callsign": "KINGSTON",
        "communication_frequency": 124.0,
        "communication_type": "ACC",
        "fir_rdo_ident": "MKJK",
        "fir_uir_indicator": "F",
        "frequency_units": "V",
        "latitude": 19.29278056,
        "longitude": -81.35776667,
        "remote_name": "GRAND CAYMAN",
        "service_indicator": " SR"
    },
    {
        "area_code": "LAM",
        "callsign": "KINGSTON",
        "communication_frequency": 128.35,
        "communication_type": "ACC",
        "fir_rdo_ident": "MKJK",
        "fir_uir_indicator": "F",
        "frequency_units": "V",
        "latitude": 19.29278056,
        "longitude": -81.35776667,
        "remote_name": "GRAND CAYMAN",
        "service_indicator": "  R"
    },
    {
        "area_code": "LAM",
        "callsign": "KINGSTON",
        "communication_frequency": 125.4,
        "communication_type": "ACC",
        "fir_rdo_ident": "MKJK",
        "fir_uir_indicator": "F",
        "frequency_units": "V",
        "latitude": 17.93555556,
        "longitude": -76.7875,
        "remote_name": "KINGSTON",
        "service_indicator": " SR"
    },
    {
        "area_code": "LAM",
        "callsign": "KINGSTON",
        "communication_frequency": 128.1,
        "communication_type": "ACC",
        "fir_rdo_ident": "MKJK",
        "fir_uir_indicator": "F",
        "frequency_units": "V",
        "latitude": 17.93555556,
        "longitude": -76.7875,
        "remote_name": "KINGSTON",
        "service_indicator": " AR"
    },
    {
        "area_code": "LAM",
        "callsign": "KINGSTON",
        "communication_frequency": 125.4,
        "communication_type": "ACC",
        "fir_rdo_ident": "MKJK",
        "fir_uir_indicator": "F",
        "frequency_units": "V",
        "latitude": 18.50366944,
        "longitude": -77.91338889,
        "remote_name": "MONTEGO BAY",
        "service_indicator": " SR"
    },
    {
        "area_code": "LAM",
        "callsign": "KINGSTON",
        "communication_frequency": 128.1,
        "communication_type": "ACC",
        "fir_rdo_ident": "MKJK",
        "fir_uir_indicator": "F",
        "frequency_units": "V",
        "latitude": 18.50366944,
        "longitude": -77.91338889,
        "remote_name": "MONTEGO BAY",
        "service_indicator": " AR"
    },
    {
        "area_code": "LAM",
        "callsign": "GUATEMALA",
        "communication_frequency": 126.9,
        "communication_type": "RDO",
        "fir_rdo_ident": "MHTG",
        "fir_uir_indicator": null,
        "frequency_units": "V",
        "latitude": 14.58333333,
        "longitude": -90.5275,
        "remote_name": "GUATEMALA CITY",
        "service_indicator": "  R"
    },
    {
        "area_code": "LAM",
        "callsign": "MAZATLAN CONTROL",
        "communication_frequency": 128.0,
        "communication_type": "ACC",
        "fir_rdo_ident": "MMZT",
        "fir_uir_indicator": "B",
        "frequency_units": "V",
        "latitude": 22.948325,
        "longitude": -109.938325,
        "remote_name": "CABO SAN LUCAS",
        "service_indicator": "  R"
    },
    {
        "area_code": "LAM",
        "callsign": "MAZATLAN CONTROL",
        "communication_frequency": 124.4,
        "communication_type": "ACC",
        "fir_rdo_ident": "MMZT",
        "fir_uir_indicator": "B",
        "frequency_units": "V",
        "latitude": 24.76506111,
        "longitude": -107.47515278,
        "remote_name": "CULIACAN",
        "service_indicator": "  R"
    },
    {
        "area_code": "LAM",
        "callsign": "MAZATLAN CONTROL",
        "communication_frequency": 126.3,
        "communication_type": "ACC",
        "fir_rdo_ident": "MMZT",
        "fir_uir_indicator": "B",
        "frequency_units": "V",
        "latitude": 29.09581389,
        "longitude": -111.04785833,
        "remote_name": "HERMOSILLO",
        "service_indicator": "  G"
    },
    {
        "area_code": "LAM",
        "callsign": "PIARCO",
        "communication_frequency": 125.4,
        "communication_type": "ACC",
        "fir_rdo_ident": "TTZP",
        "fir_uir_indicator": "B",
        "frequency_units": "V",
        "latitude": 12.00424722,
        "longitude": -61.78619167,
        "remote_name": "ST GEORGES",
        "service_indicator": "  R"
    },
    {
        "area_code": "LAM",
        "callsign": "PIARCO",
        "communication_frequency": 126.5,
        "communication_type": "ACC",
        "fir_rdo_ident": "TTZP",
        "fir_uir_indicator": "B",
        "frequency_units": "V",
        "latitude": 12.00424722,
        "longitude": -61.78619167,
        "remote_name": "ST GEORGES",
        "service_indicator": " SR"
    },
    {
        "area_code": "LAM",
        "callsign": "PIARCO",
        "communication_frequency": 123.7,
        "communication_type": "ACC",
        "fir_rdo_ident": "TTZP",
        "fir_uir_indicator": "B",
        "frequency_units": "V",
        "latitude": 17.13611111,
        "longitude": -61.79388889,
        "remote_name": "ST JOHNS",
        "service_indicator": "  R"
    },
    {
        "area_code": "LAM",
        "callsign": "PIARCO",
        "communication_frequency": 133.1,
        "communication_type": "ACC",
        "fir_rdo_ident": "TTZP",
        "fir_uir_indicator": "B",
        "frequency_units": "V",
        "latitude": 17.13611111,
        "longitude": -61.79388889,
        "remote_name": "ST JOHNS",
        "service_indicator": " SR"
    },
    {
        "area_code": "LAM",
        "callsign": "PIARCO",
        "communication_frequency": 123.7,
        "communication_type": "ACC",
        "fir_rdo_ident": "TTZP",
        "fir_uir_indicator": "B",
        "frequency_units": "V",
        "latitude": 17.31118056,
        "longitude": -62.71868611,
        "remote_name": "ST KITTS I.",
        "service_indicator": "  R"
    },
    {
        "area_code": "LAM",
        "callsign": "PIARCO",
        "communication_frequency": 133.1,
        "communication_type": "ACC",
        "fir_rdo_ident": "TTZP",
        "fir_uir_indicator": "B",
        "frequency_units": "V",
        "latitude": 17.31118056,
        "longitude": -62.71868611,
        "remote_name": "ST KITTS I.",
        "service_indicator": " SR"
    },
    {
        "area_code": "LAM",
        "callsign": "PIARCO",
        "communication_frequency": 123.7,
        "communication_type": "ACC",
        "fir_rdo_ident": "TTZP",
        "fir_uir_indicator": "B",
        "frequency_units": "V",
        "latitude": 13.73337222,
        "longitude": -60.9528,
        "remote_name": "VIEUXFORT",
        "service_indicator": "  R"
    },
    {
        "area_code": "LAM",
        "callsign": "PIARCO",
        "communication_frequency": 133.1,
        "communication_type": "ACC",
        "fir_rdo_ident": "TTZP",
        "fir_uir_indicator": "B",
        "frequency_units": "V",
        "latitude": 13.73337222,
        "longitude": -60.9528,
        "remote_name": "VIEUXFORT",
        "service_indicator": " SR"
    },
    {
        "area_code": "LAM",
        "callsign": "SAN JUAN CERAP",
        "communication_frequency": 132.25,
        "communication_type": "ACC",
        "fir_rdo_ident": "ZSU",
        "fir_uir_indicator": null,
        "frequency_units": "V",
        "latitude": 18.43855556,
        "longitude": -66.00794167,
        "remote_name": "APP",
        "service_indicator": null
    },
    {
        "area_code": "LAM",
        "callsign": "SAN JUAN CERAP",
        "communication_frequency": 124.35,
        "communication_type": "ACC",
        "fir_rdo_ident": "ZSU",
        "fir_uir_indicator": null,
        "frequency_units": "V",
        "latitude": 18.1869,
        "longitude": -67.11629167,
        "remote_name": "BORINQUEN",
        "service_indicator": "  G"
    },
    {
        "area_code": "LAM",
        "callsign": "SAN JUAN CERAP",
        "communication_frequency": 118.15,
        "communication_type": "ACC",
        "fir_rdo_ident": "ZSU",
        "fir_uir_indicator": null,
        "frequency_units": "V",
        "latitude": 18.31050833,
        "longitude": -65.79099722,
        "remote_name": "EL YUNQUE",
        "service_indicator": "  G"
    },
    {
        "area_code": "LAM",
        "callsign": "SAN JUAN CERAP",
        "communication_frequency": 118.75,
        "communication_type": "ACC",
        "fir_rdo_ident": "ZSU",
        "fir_uir_indicator": null,
        "frequency_units": "V",
        "latitude": 18.31050833,
        "longitude": -65.79099722,
        "remote_name": "EL YUNQUE",
        "service_indicator": "  G"
    },
    {
        "area_code": "LAM",
        "callsign": "SAN JUAN CERAP",
        "communication_frequency": 125.0,
        "communication_type": "ACC",
        "fir_rdo_ident": "ZSU",
        "fir_uir_indicator": null,
        "frequency_units": "V",
        "latitude": 18.31050833,
        "longitude": -65.79099722,
        "remote_name": "EL YUNQUE",
        "service_indicator": "  G"
    },
    {
        "area_code": "LAM",
        "callsign": "SAN JUAN CERAP",
        "communication_frequency": 128.65,
        "communication_type": "ACC",
        "fir_rdo_ident": "ZSU",
        "fir_uir_indicator": null,
        "frequency_units": "V",
        "latitude": 18.31050833,
        "longitude": -65.79099722,
        "remote_name": "EL YUNQUE",
        "service_indicator": "  G"
    },
    {
        "area_code": "LAM",
        "callsign": "SAN JUAN CERAP",
        "communication_frequency": 134.3,
        "communication_type": "ACC",
        "fir_rdo_ident": "ZSU",
        "fir_uir_indicator": null,
        "frequency_units": "V",
        "latitude": 18.31050833,
        "longitude": -65.79099722,
        "remote_name": "EL YUNQUE",
        "service_indicator": "  G"
    },
    {
        "area_code": "LAM",
        "callsign": "SAN JUAN CERAP",
        "communication_frequency": 118.15,
        "communication_type": "ACC",
        "fir_rdo_ident": "ZSU",
        "fir_uir_indicator": null,
        "frequency_units": "V",
        "latitude": 18.26801111,
        "longitude": -65.75794167,
        "remote_name": "PICO DEL ESTE",
        "service_indicator": "  G"
    },
    {
        "area_code": "LAM",
        "callsign": "SAN JUAN CERAP",
        "communication_frequency": 125.0,
        "communication_type": "ACC",
        "fir_rdo_ident": "ZSU",
        "fir_uir_indicator": null,
        "frequency_units": "V",
        "latitude": 18.26801111,
        "longitude": -65.75794167,
        "remote_name": "PICO DEL ESTE",
        "service_indicator": "  G"
    },
    {
        "area_code": "LAM",
        "callsign": "SAN JUAN CERAP",
        "communication_frequency": 128.65,
        "communication_type": "ACC",
        "fir_rdo_ident": "ZSU",
        "fir_uir_indicator": null,
        "frequency_units": "V",
        "latitude": 18.26801111,
        "longitude": -65.75794167,
        "remote_name": "PICO DEL ESTE",
        "service_indicator": "  G"
    },
    {
        "area_code": "LAM",
        "callsign": "SAN JUAN CERAP",
        "communication_frequency": 134.3,
        "communication_type": "ACC",
        "fir_rdo_ident": "ZSU",
        "fir_uir_indicator": null,
        "frequency_units": "V",
        "latitude": 18.26801111,
        "longitude": -65.75794167,
        "remote_name": "PICO DEL ESTE",
        "service_indicator": "  G"
    },
    {
        "area_code": "LAM",
        "callsign": "SAN JUAN CERAP",
        "communication_frequency": 135.7,
        "communication_type": "ACC",
        "fir_rdo_ident": "ZSU",
        "fir_uir_indicator": null,
        "frequency_units": "V",
        "latitude": 18.1869,
        "longitude": -67.11629167,
        "remote_name": "BORINQUEN",
        "service_indicator": "  G"
    },
    {
        "area_code": "LAM",
        "callsign": "PIARCO",
        "communication_frequency": 124.0,
        "communication_type": "ACC",
        "fir_rdo_ident": "TTZP",
        "fir_uir_indicator": "B",
        "frequency_units": "V",
        "latitude": 12.00424722,
        "longitude": -61.78619167,
        "remote_name": "ST GEORGES",
        "service_indicator": "  R"
    },
    {
        "area_code": "LAM",
        "callsign": "PIARCO",
        "communication_frequency": 133.1,
        "communication_type": "ACC",
        "fir_rdo_ident": "TTZP",
        "fir_uir_indicator": "B",
        "frequency_units": "V",
        "latitude": 15.54666667,
        "longitude": -61.30138889,
        "remote_name": "ROSEAU",
        "service_indicator": " SR"
    },
    {
        "area_code": "LAM",
        "callsign": "PIARCO",
        "communication_frequency": 123.7,
        "communication_type": "ACC",
        "fir_rdo_ident": "TTZP",
        "fir_uir_indicator": "B",
        "frequency_units": "V",
        "latitude": 15.54666667,
        "longitude": -61.30138889,
        "remote_name": "ROSEAU",
        "service_indicator": "  R"
    },
    {
        "area_code": "LAM",
        "callsign": "PIARCO",
        "communication_frequency": 21964.0,
        "communication_type": "RDO",
        "fir_rdo_ident": "TTZP",
        "fir_uir_indicator": "B",
        "frequency_units": "H",
        "latitude": 10.59527778,
        "longitude": -61.33722222,
        "remote_name": "PORT OF SPAIN",
        "service_indicator": "  R"
    },
    {
        "area_code": "LAM",
        "callsign": "BOYEROS",
        "communication_frequency": 3007.0,
        "communication_type": "RDO",
        "fir_rdo_ident": "MUFH",
        "fir_uir_indicator": "B",
        "frequency_units": "H",
        "latitude": 22.98916667,
        "longitude": -82.40916667,
        "remote_name": "RADIO BOYEROS",
        "service_indicator": null
    },
    {
        "area_code": "LAM",
        "callsign": "BOYEROS",
        "communication_frequency": 5544.0,
        "communication_type": "RDO",
        "fir_rdo_ident": "MUFH",
        "fir_uir_indicator": "B",
        "frequency_units": "H",
        "latitude": 22.98916667,
        "longitude": -82.40916667,
        "remote_name": "RADIO BOYEROS",
        "service_indicator": null
    },
    {
        "area_code": "LAM",
        "callsign": "BOYEROS",
        "communication_frequency": 5562.0,
        "communication_type": "RDO",
        "fir_rdo_ident": "MUFH",
        "fir_uir_indicator": "B",
        "frequency_units": "H",
        "latitude": 22.98916667,
        "longitude": -82.40916667,
        "remote_name": "RADIO BOYEROS",
        "service_indicator": null
    },
    {
        "area_code": "LAM",
        "callsign": "BOYEROS",
        "communication_frequency": 8876.0,
        "communication_type": "RDO",
        "fir_rdo_ident": "MUFH",
        "fir_uir_indicator": "B",
        "frequency_units": "H",
        "latitude": 22.98916667,
        "longitude": -82.40916667,
        "remote_name": "RADIO BOYEROS",
        "service_indicator": null
    },
    {
        "area_code": "LAM",
        "callsign": "BOYEROS",
        "communication_frequency": 8927.0,
        "communication_type": "RDO",
        "fir_rdo_ident": "MUFH",
        "fir_uir_indicator": "B",
        "frequency_units": "H",
        "latitude": 22.98916667,
        "longitude": -82.40916667,
        "remote_name": "RADIO BOYEROS",
        "service_indicator": null
    },
    {
        "area_code": "LAM",
        "callsign": "BOYEROS",
        "communication_frequency": 11321.0,
        "communication_type": "RDO",
        "fir_rdo_ident": "MUFH",
        "fir_uir_indicator": "B",
        "frequency_units": "H",
        "latitude": 22.98916667,
        "longitude": -82.40916667,
        "remote_name": "RADIO BOYEROS",
        "service_indicator": null
    },
    {
        "area_code": "LAM",
        "callsign": "BOYEROS",
        "communication_frequency": 13339.0,
        "communication_type": "RDO",
        "fir_rdo_ident": "MUFH",
        "fir_uir_indicator": "B",
        "frequency_units": "H",
        "latitude": 22.98916667,
        "longitude": -82.40916667,
        "remote_name": "RADIO BOYEROS",
        "service_indicator": null
    },
    {
        "area_code": "LAM",
        "callsign": "BOYEROS",
        "communication_frequency": 17934.0,
        "communication_type": "RDO",
        "fir_rdo_ident": "MUFH",
        "fir_uir_indicator": "B",
        "frequency_units": "H",
        "latitude": 22.98916667,
        "longitude": -82.40916667,
        "remote_name": "RADIO BOYEROS",
        "service_indicator": null
    },
    {
        "area_code": "LAM",
        "callsign": "BOYEROS",
        "communication_frequency": 21985.0,
        "communication_type": "RDO",
        "fir_rdo_ident": "MUFH",
        "fir_uir_indicator": "B",
        "frequency_units": "H",
        "latitude": 22.98916667,
        "longitude": -82.40916667,
        "remote_name": "RADIO BOYEROS",
        "service_indicator": null
    },
    {
        "area_code": "LAM",
        "callsign": "HAVANA",
        "communication_frequency": 123.7,
        "communication_type": "ACC",
        "fir_rdo_ident": "MUFH",
        "fir_uir_indicator": "B",
        "frequency_units": "V",
        "latitude": 22.98916667,
        "longitude": -82.40916667,
        "remote_name": "HAVANA",
        "service_indicator": null
    },
    {
        "area_code": "LAM",
        "callsign": "HAVANA",
        "communication_frequency": 125.55,
        "communication_type": "ACC",
        "fir_rdo_ident": "MUFH",
        "fir_uir_indicator": "B",
        "frequency_units": "V",
        "latitude": 22.98916667,
        "longitude": -82.40916667,
        "remote_name": "SECTOR A",
        "service_indicator": " S"
    },
    {
        "area_code": "LAM",
        "callsign": "HAVANA",
        "communication_frequency": 124.55,
        "communication_type": "ACC",
        "fir_rdo_ident": "MUFH",
        "fir_uir_indicator": "B",
        "frequency_units": "V",
        "latitude": 22.98916667,
        "longitude": -82.40916667,
        "remote_name": "SECTOR C",
        "service_indicator": null
    },
    {
        "area_code": "LAM",
        "callsign": "HAVANA",
        "communication_frequency": 128.7,
        "communication_type": "ACC",
        "fir_rdo_ident": "MUFH",
        "fir_uir_indicator": "B",
        "frequency_units": "V",
        "latitude": 22.98916667,
        "longitude": -82.40916667,
        "remote_name": "SECTOR D",
        "service_indicator": " S"
    },
    {
        "area_code": "LAM",
        "callsign": "HAVANA",
        "communication_frequency": 135.1,
        "communication_type": "ACC",
        "fir_rdo_ident": "MUFH",
        "fir_uir_indicator": "B",
        "frequency_units": "V",
        "latitude": 22.98916667,
        "longitude": -82.40916667,
        "remote_name": "SECTOR D",
        "service_indicator": null
    },
    {
        "area_code": "LAM",
        "callsign": "HAVANA",
        "communication_frequency": 133.7,
        "communication_type": "ACC",
        "fir_rdo_ident": "MUFH",
        "fir_uir_indicator": "B",
        "frequency_units": "V",
        "latitude": 22.98916667,
        "longitude": -82.40916667,
        "remote_name": "SECTOR G",
        "service_indicator": null
    },
    {
        "area_code": "LAM",
        "callsign": "NAVY UNIVERSAL",
        "communication_frequency": 6723.0,
        "communication_type": "RDO",
        "fir_rdo_ident": "MUGM",
        "fir_uir_indicator": null,
        "frequency_units": "H",
        "latitude": 19.90656944,
        "longitude": -75.20706111,
        "remote_name": "GUANTANAMO BAY",
        "service_indicator": " A"
    },
    {
        "area_code": "LAM",
        "callsign": "SAN JUAN",
        "communication_frequency": 108.6,
        "communication_type": "RDO",
        "fir_rdo_ident": "SJU",
        "fir_uir_indicator": null,
        "frequency_units": "V",
        "latitude": 18.35581667,
        "longitude": -65.02455556,
        "remote_name": null,
        "service_indicator": "F"
    },
    {
        "area_code": "LAM",
        "callsign": "SAN JUAN",
        "communication_frequency": 110.6,
        "communication_type": "RDO",
        "fir_rdo_ident": "SJU",
        "fir_uir_indicator": null,
        "frequency_units": "V",
        "latitude": 18.25645278,
        "longitude": -67.15104167,
        "remote_name": null,
        "service_indicator": "F"
    },
    {
        "area_code": "LAM",
        "callsign": "SAN JUAN",
        "communication_frequency": 113.5,
        "communication_type": "RDO",
        "fir_rdo_ident": "SJU",
        "fir_uir_indicator": null,
        "frequency_units": "V",
        "latitude": 18.49800278,
        "longitude": -67.10835,
        "remote_name": null,
        "service_indicator": null
    },
    {
        "area_code": "LAM",
        "callsign": "SAN JUAN",
        "communication_frequency": 122.3,
        "communication_type": "RDO",
        "fir_rdo_ident": "SJU",
        "fir_uir_indicator": null,
        "frequency_units": "V",
        "latitude": 18.49800278,
        "longitude": -67.10835,
        "remote_name": "BORINQUEN",
        "service_indicator": "  R"
    },
    {
        "area_code": "LAM",
        "callsign": "HAVANA",
        "communication_frequency": 133.35,
        "communication_type": "ACC",
        "fir_rdo_ident": "MUFH",
        "fir_uir_indicator": "B",
        "frequency_units": "V",
        "latitude": 22.98916667,
        "longitude": -82.40916667,
        "remote_name": "SECTOR B, B LOW",
        "service_indicator": null
    },
    {
        "area_code": "LAM",
        "callsign": "SAN JUAN",
        "communication_frequency": 122.2,
        "communication_type": "RDO",
        "fir_rdo_ident": "SJU",
        "fir_uir_indicator": null,
        "frequency_units": "V",
        "latitude": 18.30944444,
        "longitude": -65.79333333,
        "remote_name": "EL YUNQUE",
        "service_indicator": "  R"
    },
    {
        "area_code": "LAM",
        "callsign": "HAVANA",
        "communication_frequency": 120.25,
        "communication_type": "ACC",
        "fir_rdo_ident": "MUFH",
        "fir_uir_indicator": "B",
        "frequency_units": "V",
        "latitude": 22.98916667,
        "longitude": -82.40916667,
        "remote_name": "HAVANA",
        "service_indicator": null
    },
    {
        "area_code": "LAM",
        "callsign": "BOYEROS",
        "communication_frequency": 11396.0,
        "communication_type": "RDO",
        "fir_rdo_ident": "MUFH",
        "fir_uir_indicator": "B",
        "frequency_units": "H",
        "latitude": 22.98916667,
        "longitude": -82.40916667,
        "remote_name": "CAR-A",
        "service_indicator": null
    },
    {
        "area_code": "LAM",
        "callsign": "MAZATLAN CONTROL",
        "communication_frequency": 126.5,
        "communication_type": "ACC",
        "fir_rdo_ident": "MMZT",
        "fir_uir_indicator": "B",
        "frequency_units": "V",
        "latitude": 23.16148056,
        "longitude": -106.26457222,
        "remote_name": "MAZATLAN",
        "service_indicator": "  R"
    },
    {
        "area_code": "LAM",
        "callsign": "MAZATLAN CONTROL",
        "communication_frequency": 128.3,
        "communication_type": "ACC",
        "fir_rdo_ident": "MMZT",
        "fir_uir_indicator": "B",
        "frequency_units": "V",
        "latitude": 30.93138889,
        "longitude": -114.80888889,
        "remote_name": "SAN FELIPE",
        "service_indicator": "  R"
    },
    {
        "area_code": "LAM",
        "callsign": "WANNUKANDI",
        "communication_frequency": 124.6,
        "communication_type": "RDO",
        "fir_rdo_ident": "MPWN",
        "fir_uir_indicator": null,
        "frequency_units": "V",
        "latitude": 9.25783333,
        "longitude": -78.11883333,
        "remote_name": null,
        "service_indicator": null
    },
    {
        "area_code": "LAM",
        "callsign": "PANAMA",
        "communication_frequency": 123.3,
        "communication_type": "ACC",
        "fir_rdo_ident": "MPZL",
        "fir_uir_indicator": "B",
        "frequency_units": "V",
        "latitude": 8.96936111,
        "longitude": -79.55008333,
        "remote_name": "N08 58 09.70/W079 33 00.3",
        "service_indicator": "  R"
    },
    {
        "area_code": "LAM",
        "callsign": "PANAMA",
        "communication_frequency": 125.5,
        "communication_type": "ACC",
        "fir_rdo_ident": "MPZL",
        "fir_uir_indicator": "B",
        "frequency_units": "V",
        "latitude": 8.96936111,
        "longitude": -79.55008333,
        "remote_name": "N08 58 09.70/W079 33 00.3",
        "service_indicator": " AR"
    },
    {
        "area_code": "LAM",
        "callsign": "PANAMA",
        "communication_frequency": 133.0,
        "communication_type": "ACC",
        "fir_rdo_ident": "MPZL",
        "fir_uir_indicator": "B",
        "frequency_units": "V",
        "latitude": 8.96936111,
        "longitude": -79.55008333,
        "remote_name": "N08 58 09.70/W079 33 00.3",
        "service_indicator": "  R"
    },
    {
        "area_code": "LAM",
        "callsign": "PANAMA",
        "communication_frequency": 133.3,
        "communication_type": "ACC",
        "fir_rdo_ident": "MPZL",
        "fir_uir_indicator": "B",
        "frequency_units": "V",
        "latitude": 8.96936111,
        "longitude": -79.55008333,
        "remote_name": "N08 58 09.70/W079 33 00.3",
        "service_indicator": " AR"
    },
    {
        "area_code": "LAM",
        "callsign": "COCO",
        "communication_frequency": 126.8,
        "communication_type": "RDO",
        "fir_rdo_ident": "MROC",
        "fir_uir_indicator": null,
        "frequency_units": "V",
        "latitude": 9.99390278,
        "longitude": -84.20885556,
        "remote_name": null,
        "service_indicator": null
    },
    {
        "area_code": "LAM",
        "callsign": "COCO",
        "communication_frequency": 119.6,
        "communication_type": "ACC",
        "fir_rdo_ident": "MROC",
        "fir_uir_indicator": null,
        "frequency_units": "V",
        "latitude": 9.99390278,
        "longitude": -84.20885556,
        "remote_name": "SAN JOSE",
        "service_indicator": "  R"
    },
    {
        "area_code": "LAM",
        "callsign": "BOYEROS",
        "communication_frequency": 13297.0,
        "communication_type": "RDO",
        "fir_rdo_ident": "MUFH",
        "fir_uir_indicator": "B",
        "frequency_units": "H",
        "latitude": 22.98916667,
        "longitude": -82.40916667,
        "remote_name": "CAR-A",
        "service_indicator": null
    },
    {
        "area_code": "LAM",
        "callsign": "COCO",
        "communication_frequency": 120.5,
        "communication_type": "ACC",
        "fir_rdo_ident": "MROC",
        "fir_uir_indicator": null,
        "frequency_units": "V",
        "latitude": 9.99390278,
        "longitude": -84.20885556,
        "remote_name": "SAN JOSE",
        "service_indicator": " SR"
    },
    {
        "area_code": "LAM",
        "callsign": "PORT-AU-PRINCE",
        "communication_frequency": 124.5,
        "communication_type": "CTL",
        "fir_rdo_ident": "MTEG",
        "fir_uir_indicator": "B",
        "frequency_units": "V",
        "latitude": 18.58005,
        "longitude": -72.29254167,
        "remote_name": "PORT-AU-PRINCE",
        "service_indicator": "  R"
    },
    {
        "area_code": "LAM",
        "callsign": "PORT-AU-PRINCE",
        "communication_frequency": 126.9,
        "communication_type": "CTL",
        "fir_rdo_ident": "MTEG",
        "fir_uir_indicator": "B",
        "frequency_units": "V",
        "latitude": 18.58005,
        "longitude": -72.29254167,
        "remote_name": "PORT-AU-PRINCE",
        "service_indicator": "  R"
    },
    {
        "area_code": "LAM",
        "callsign": "PORT-AU-PRINCE",
        "communication_frequency": 124.5,
        "communication_type": "ACC",
        "fir_rdo_ident": "MTPP",
        "fir_uir_indicator": null,
        "frequency_units": "V",
        "latitude": 18.58005,
        "longitude": -72.29254167,
        "remote_name": "ACC",
        "service_indicator": null
    },
    {
        "area_code": "LAM",
        "callsign": "HAVANA",
        "communication_frequency": 123.45,
        "communication_type": "ACC",
        "fir_rdo_ident": "MUFH",
        "fir_uir_indicator": null,
        "frequency_units": "V",
        "latitude": 22.98916667,
        "longitude": -82.40916667,
        "remote_name": "HAVANA",
        "service_indicator": null
    },
    {
        "area_code": "LAM",
        "callsign": "BOYEROS",
        "communication_frequency": 126.9,
        "communication_type": "RDO",
        "fir_rdo_ident": "MUFH",
        "fir_uir_indicator": null,
        "frequency_units": "V",
        "latitude": 22.98916667,
        "longitude": -82.40916667,
        "remote_name": "RADIO BOYEROS",
        "service_indicator": null
    },
    {
        "area_code": "LAM",
        "callsign": "BOYEROS",
        "communication_frequency": 2887.0,
        "communication_type": "RDO",
        "fir_rdo_ident": "MUFH",
        "fir_uir_indicator": "B",
        "frequency_units": "H",
        "latitude": 22.98916667,
        "longitude": -82.40916667,
        "remote_name": "CAR-A",
        "service_indicator": null
    },
    {
        "area_code": "LAM",
        "callsign": "BOYEROS",
        "communication_frequency": 5550.0,
        "communication_type": "RDO",
        "fir_rdo_ident": "MUFH",
        "fir_uir_indicator": "B",
        "frequency_units": "H",
        "latitude": 22.98916667,
        "longitude": -82.40916667,
        "remote_name": "CAR-A",
        "service_indicator": null
    },
    {
        "area_code": "LAM",
        "callsign": "BOYEROS",
        "communication_frequency": 6577.0,
        "communication_type": "RDO",
        "fir_rdo_ident": "MUFH",
        "fir_uir_indicator": "B",
        "frequency_units": "H",
        "latitude": 22.98916667,
        "longitude": -82.40916667,
        "remote_name": "CAR-A",
        "service_indicator": null
    },
    {
        "area_code": "LAM",
        "callsign": "BOYEROS",
        "communication_frequency": 8918.0,
        "communication_type": "RDO",
        "fir_rdo_ident": "MUFH",
        "fir_uir_indicator": "B",
        "frequency_units": "H",
        "latitude": 22.98916667,
        "longitude": -82.40916667,
        "remote_name": "CAR-A",
        "service_indicator": null
    },
    {
        "area_code": "LAM",
        "callsign": "COCO",
        "communication_frequency": 127.9,
        "communication_type": "ACC",
        "fir_rdo_ident": "MROC",
        "fir_uir_indicator": null,
        "frequency_units": "V",
        "latitude": 9.99390278,
        "longitude": -84.20885556,
        "remote_name": "SAN JOSE",
        "service_indicator": " SR"
    },
    {
        "area_code": "LAM",
        "callsign": "MAZATLAN CONTROL",
        "communication_frequency": 124.2,
        "communication_type": "ACC",
        "fir_rdo_ident": "MMZT",
        "fir_uir_indicator": "B",
        "frequency_units": "V",
        "latitude": 24.12603333,
        "longitude": -104.52746111,
        "remote_name": "DURANGO",
        "service_indicator": "  R"
    },
    {
        "area_code": "LAM",
        "callsign": "SAN JUAN",
        "communication_frequency": 122.1,
        "communication_type": "RDO",
        "fir_rdo_ident": "SJU",
        "fir_uir_indicator": null,
        "frequency_units": "V",
        "latitude": 18.25645278,
        "longitude": -67.15104167,
        "remote_name": "MAYAGUEZ",
        "service_indicator": "F R"
    },
    {
        "area_code": "LAM",
        "callsign": "SAN JUAN",
        "communication_frequency": 108.2,
        "communication_type": "RDO",
        "fir_rdo_ident": "SJU",
        "fir_uir_indicator": null,
        "frequency_units": "V",
        "latitude": 17.73444444,
        "longitude": -64.700725,
        "remote_name": "ST CROIX I",
        "service_indicator": "F R"
    },
    {
        "area_code": "LAM",
        "callsign": "PIARCO",
        "communication_frequency": 123.7,
        "communication_type": "ACC",
        "fir_rdo_ident": "TTZP",
        "fir_uir_indicator": "B",
        "frequency_units": "V",
        "latitude": 16.79133889,
        "longitude": -62.19339722,
        "remote_name": "GERALD'S",
        "service_indicator": "  R"
    },
    {
        "area_code": "LAM",
        "callsign": "PIARCO",
        "communication_frequency": 133.1,
        "communication_type": "ACC",
        "fir_rdo_ident": "TTZP",
        "fir_uir_indicator": "B",
        "frequency_units": "V",
        "latitude": 16.79133889,
        "longitude": -62.19339722,
        "remote_name": "GERALD'S",
        "service_indicator": " SR"
    },
    {
        "area_code": "LAM",
        "callsign": "PIARCO",
        "communication_frequency": 124.0,
        "communication_type": "ACC",
        "fir_rdo_ident": "TTZP",
        "fir_uir_indicator": "B",
        "frequency_units": "V",
        "latitude": 13.16005556,
        "longitude": -61.14870556,
        "remote_name": "KINGSTOWN",
        "service_indicator": "  R"
    },
    {
        "area_code": "LAM",
        "callsign": "PIARCO",
        "communication_frequency": 125.4,
        "communication_type": "ACC",
        "fir_rdo_ident": "TTZP",
        "fir_uir_indicator": "B",
        "frequency_units": "V",
        "latitude": 13.16005556,
        "longitude": -61.14870556,
        "remote_name": "KINGSTOWN",
        "service_indicator": "  R"
    },
    {
        "area_code": "LAM",
        "callsign": "PIARCO",
        "communication_frequency": 126.5,
        "communication_type": "ACC",
        "fir_rdo_ident": "TTZP",
        "fir_uir_indicator": "B",
        "frequency_units": "V",
        "latitude": 13.16005556,
        "longitude": -61.14870556,
        "remote_name": "KINGSTOWN",
        "service_indicator": " SR"
    },
    {
        "area_code": "LAM",
        "callsign": "PIARCO",
        "communication_frequency": 123.7,
        "communication_type": "ACC",
        "fir_rdo_ident": "TTZP",
        "fir_uir_indicator": "B",
        "frequency_units": "V",
        "latitude": 14.59222222,
        "longitude": -60.99638889,
        "remote_name": "MARTINIQUE",
        "service_indicator": "  R"
    },
    {
        "area_code": "LAM",
        "callsign": "PIARCO",
        "communication_frequency": 133.1,
        "communication_type": "ACC",
        "fir_rdo_ident": "TTZP",
        "fir_uir_indicator": "B",
        "frequency_units": "V",
        "latitude": 14.59222222,
        "longitude": -60.99638889,
        "remote_name": "MARTINIQUE",
        "service_indicator": " SR"
    },
    {
        "area_code": "LAM",
        "callsign": "PIARCO",
        "communication_frequency": 123.7,
        "communication_type": "ACC",
        "fir_rdo_ident": "TTZP",
        "fir_uir_indicator": "B",
        "frequency_units": "V",
        "latitude": 17.20555556,
        "longitude": -62.59,
        "remote_name": "NEVIS I.",
        "service_indicator": "  R"
    },
    {
        "area_code": "LAM",
        "callsign": "PIARCO",
        "communication_frequency": 133.1,
        "communication_type": "ACC",
        "fir_rdo_ident": "TTZP",
        "fir_uir_indicator": "B",
        "frequency_units": "V",
        "latitude": 17.20555556,
        "longitude": -62.59,
        "remote_name": "NEVIS I.",
        "service_indicator": " SR"
    },
    {
        "area_code": "LAM",
        "callsign": "PIARCO",
        "communication_frequency": 133.1,
        "communication_type": "ACC",
        "fir_rdo_ident": "TTZP",
        "fir_uir_indicator": "B",
        "frequency_units": "V",
        "latitude": 14.02,
        "longitude": -60.99305556,
        "remote_name": "CASTRIES",
        "service_indicator": " SR"
    },
    {
        "area_code": "LAM",
        "callsign": "PIARCO",
        "communication_frequency": 123.7,
        "communication_type": "ACC",
        "fir_rdo_ident": "TTZP",
        "fir_uir_indicator": "B",
        "frequency_units": "V",
        "latitude": 16.26416667,
        "longitude": -61.52583333,
        "remote_name": "POINTE-A-PITRE",
        "service_indicator": "  R"
    },
    {
        "area_code": "LAM",
        "callsign": "PIARCO",
        "communication_frequency": 124.0,
        "communication_type": "ACC",
        "fir_rdo_ident": "TTZP",
        "fir_uir_indicator": "B",
        "frequency_units": "V",
        "latitude": 10.59527778,
        "longitude": -61.33722222,
        "remote_name": "PORT OF SPAIN",
        "service_indicator": "  R"
    },
    {
        "area_code": "LAM",
        "callsign": "PIARCO",
        "communication_frequency": 125.4,
        "communication_type": "ACC",
        "fir_rdo_ident": "TTZP",
        "fir_uir_indicator": "B",
        "frequency_units": "V",
        "latitude": 10.59527778,
        "longitude": -61.33722222,
        "remote_name": "PORT OF SPAIN",
        "service_indicator": "  R"
    },
    {
        "area_code": "LAM",
        "callsign": "PIARCO",
        "communication_frequency": 126.5,
        "communication_type": "ACC",
        "fir_rdo_ident": "TTZP",
        "fir_uir_indicator": "B",
        "frequency_units": "V",
        "latitude": 10.59527778,
        "longitude": -61.33722222,
        "remote_name": "PORT OF SPAIN",
        "service_indicator": " SR"
    },
    {
        "area_code": "LAM",
        "callsign": "PIARCO",
        "communication_frequency": 2962.0,
        "communication_type": "RDO",
        "fir_rdo_ident": "TTZP",
        "fir_uir_indicator": "B",
        "frequency_units": "H",
        "latitude": 10.59527778,
        "longitude": -61.33722222,
        "remote_name": "PORT OF SPAIN",
        "service_indicator": "  R"
    },
    {
        "area_code": "LAM",
        "callsign": "PIARCO",
        "communication_frequency": 6628.0,
        "communication_type": "RDO",
        "fir_rdo_ident": "TTZP",
        "fir_uir_indicator": "B",
        "frequency_units": "H",
        "latitude": 10.59527778,
        "longitude": -61.33722222,
        "remote_name": "PORT OF SPAIN",
        "service_indicator": "  R"
    },
    {
        "area_code": "LAM",
        "callsign": "PIARCO",
        "communication_frequency": 8825.0,
        "communication_type": "RDO",
        "fir_rdo_ident": "TTZP",
        "fir_uir_indicator": "B",
        "frequency_units": "H",
        "latitude": 10.59527778,
        "longitude": -61.33722222,
        "remote_name": "PORT OF SPAIN",
        "service_indicator": "  R"
    },
    {
        "area_code": "LAM",
        "callsign": "PIARCO",
        "communication_frequency": 11309.0,
        "communication_type": "RDO",
        "fir_rdo_ident": "TTZP",
        "fir_uir_indicator": "B",
        "frequency_units": "H",
        "latitude": 10.59527778,
        "longitude": -61.33722222,
        "remote_name": "PORT OF SPAIN",
        "service_indicator": "  R"
    },
    {
        "area_code": "LAM",
        "callsign": "PIARCO",
        "communication_frequency": 13354.0,
        "communication_type": "RDO",
        "fir_rdo_ident": "TTZP",
        "fir_uir_indicator": "B",
        "frequency_units": "H",
        "latitude": 10.59527778,
        "longitude": -61.33722222,
        "remote_name": "PORT OF SPAIN",
        "service_indicator": "  R"
    },
    {
        "area_code": "LAM",
        "callsign": "PIARCO",
        "communication_frequency": 17952.0,
        "communication_type": "RDO",
        "fir_rdo_ident": "TTZP",
        "fir_uir_indicator": "B",
        "frequency_units": "H",
        "latitude": 10.59527778,
        "longitude": -61.33722222,
        "remote_name": "PORT OF SPAIN",
        "service_indicator": "  R"
    },
    {
        "area_code": "LAM",
        "callsign": "PIARCO",
        "communication_frequency": 133.1,
        "communication_type": "ACC",
        "fir_rdo_ident": "TTZP",
        "fir_uir_indicator": "B",
        "frequency_units": "V",
        "latitude": 16.26416667,
        "longitude": -61.52583333,
        "remote_name": "POINTE-A-PITRE",
        "service_indicator": " SR"
    },
    {
        "area_code": "LAM",
        "callsign": "SAN JUAN",
        "communication_frequency": 122.6,
        "communication_type": "RDO",
        "fir_rdo_ident": "SJU",
        "fir_uir_indicator": null,
        "frequency_units": "V",
        "latitude": 18.26805556,
        "longitude": -65.75805556,
        "remote_name": "PICO DEL ESTE",
        "service_indicator": "  R"
    },
    {
        "area_code": "LAM",
        "callsign": "PIARCO",
        "communication_frequency": 123.7,
        "communication_type": "ACC",
        "fir_rdo_ident": "TTZP",
        "fir_uir_indicator": "B",
        "frequency_units": "V",
        "latitude": 14.02,
        "longitude": -60.99305556,
        "remote_name": "CASTRIES",
        "service_indicator": "  R"
    },
    {
        "area_code": "LAM",
        "callsign": "PIARCO",
        "communication_frequency": 125.4,
        "communication_type": "ACC",
        "fir_rdo_ident": "TTZP",
        "fir_uir_indicator": "B",
        "frequency_units": "V",
        "latitude": 13.07472222,
        "longitude": -59.49222222,
        "remote_name": "BRIDGETOWN",
        "service_indicator": "  R"
    },
    {
        "area_code": "LAM",
        "callsign": "SAN JUAN",
        "communication_frequency": 122.1,
        "communication_type": "RDO",
        "fir_rdo_ident": "SJU",
        "fir_uir_indicator": null,
        "frequency_units": "V",
        "latitude": 17.73444444,
        "longitude": -64.700725,
        "remote_name": "ST CROIX I",
        "service_indicator": "F R"
    },
    {
        "area_code": "LAM",
        "callsign": "SAN JUAN",
        "communication_frequency": 123.6,
        "communication_type": "RDO",
        "fir_rdo_ident": "SJU",
        "fir_uir_indicator": null,
        "frequency_units": "V",
        "latitude": 18.35581667,
        "longitude": -65.02455556,
        "remote_name": "ST THOMAS I",
        "service_indicator": "F R"
    },
    {
        "area_code": "LAM",
        "callsign": "SAN JUAN OCEANIC",
        "communication_frequency": 135.7,
        "communication_type": "ACC",
        "fir_rdo_ident": "TJZS",
        "fir_uir_indicator": "B",
        "frequency_units": "V",
        "latitude": 18.1869,
        "longitude": -67.11629167,
        "remote_name": "BORINQUEN",
        "service_indicator": "  G"
    },
    {
        "area_code": "LAM",
        "callsign": "SAN JUAN OCEANIC",
        "communication_frequency": 118.15,
        "communication_type": "ACC",
        "fir_rdo_ident": "TJZS",
        "fir_uir_indicator": "B",
        "frequency_units": "V",
        "latitude": 18.31050833,
        "longitude": -65.79099722,
        "remote_name": "EL YUNQUE",
        "service_indicator": "  G"
    },
    {
        "area_code": "LAM",
        "callsign": "SAN JUAN OCEANIC",
        "communication_frequency": 118.75,
        "communication_type": "ACC",
        "fir_rdo_ident": "TJZS",
        "fir_uir_indicator": "B",
        "frequency_units": "V",
        "latitude": 18.31050833,
        "longitude": -65.79099722,
        "remote_name": "EL YUNQUE",
        "service_indicator": "  G"
    },
    {
        "area_code": "LAM",
        "callsign": "SAN JUAN OCEANIC",
        "communication_frequency": 125.0,
        "communication_type": "ACC",
        "fir_rdo_ident": "TJZS",
        "fir_uir_indicator": "B",
        "frequency_units": "V",
        "latitude": 18.31050833,
        "longitude": -65.79099722,
        "remote_name": "EL YUNQUE",
        "service_indicator": "  G"
    },
    {
        "area_code": "LAM",
        "callsign": "SAN JUAN OCEANIC",
        "communication_frequency": 128.65,
        "communication_type": "ACC",
        "fir_rdo_ident": "TJZS",
        "fir_uir_indicator": "B",
        "frequency_units": "V",
        "latitude": 18.31050833,
        "longitude": -65.79099722,
        "remote_name": "EL YUNQUE",
        "service_indicator": "  G"
    },
    {
        "area_code": "LAM",
        "callsign": "SAN JUAN OCEANIC",
        "communication_frequency": 134.3,
        "communication_type": "ACC",
        "fir_rdo_ident": "TJZS",
        "fir_uir_indicator": "B",
        "frequency_units": "V",
        "latitude": 18.31050833,
        "longitude": -65.79099722,
        "remote_name": "EL YUNQUE",
        "service_indicator": "  G"
    },
    {
        "area_code": "LAM",
        "callsign": "SAN JUAN OCEANIC",
        "communication_frequency": 121.7,
        "communication_type": "ACC",
        "fir_rdo_ident": "TJZS",
        "fir_uir_indicator": "B",
        "frequency_units": "V",
        "latitude": 18.25569444,
        "longitude": -67.14847222,
        "remote_name": "MAYAGUEZ",
        "service_indicator": "  G"
    },
    {
        "area_code": "LAM",
        "callsign": "PIARCO",
        "communication_frequency": 126.5,
        "communication_type": "ACC",
        "fir_rdo_ident": "TTZP",
        "fir_uir_indicator": "B",
        "frequency_units": "V",
        "latitude": 13.07472222,
        "longitude": -59.49222222,
        "remote_name": "BRIDGETOWN",
        "service_indicator": " SR"
    },
    {
        "area_code": "LAM",
        "callsign": "SAN JUAN OCEANIC",
        "communication_frequency": 118.15,
        "communication_type": "ACC",
        "fir_rdo_ident": "TJZS",
        "fir_uir_indicator": "B",
        "frequency_units": "V",
        "latitude": 18.26801111,
        "longitude": -65.75794167,
        "remote_name": "PICO DEL ESTE",
        "service_indicator": "  G"
    },
    {
        "area_code": "LAM",
        "callsign": "SAN JUAN OCEANIC",
        "communication_frequency": 128.65,
        "communication_type": "ACC",
        "fir_rdo_ident": "TJZS",
        "fir_uir_indicator": "B",
        "frequency_units": "V",
        "latitude": 18.26801111,
        "longitude": -65.75794167,
        "remote_name": "PICO DEL ESTE",
        "service_indicator": "  G"
    },
    {
        "area_code": "LAM",
        "callsign": "SAN JUAN OCEANIC",
        "communication_frequency": 134.3,
        "communication_type": "ACC",
        "fir_rdo_ident": "TJZS",
        "fir_uir_indicator": "B",
        "frequency_units": "V",
        "latitude": 18.26801111,
        "longitude": -65.75794167,
        "remote_name": "PICO DEL ESTE",
        "service_indicator": "  G"
    },
    {
        "area_code": "LAM",
        "callsign": "CURACO",
        "communication_frequency": 124.1,
        "communication_type": "ACC",
        "fir_rdo_ident": "TNCF",
        "fir_uir_indicator": "B",
        "frequency_units": "V",
        "latitude": 12.50138333,
        "longitude": -70.01523056,
        "remote_name": "ARUBA ISLAND",
        "service_indicator": "  R"
    },
    {
        "area_code": "LAM",
        "callsign": "CURACO",
        "communication_frequency": 127.1,
        "communication_type": "ACC",
        "fir_rdo_ident": "TNCF",
        "fir_uir_indicator": "B",
        "frequency_units": "V",
        "latitude": 12.50138333,
        "longitude": -70.01523056,
        "remote_name": "ARUBA ISLAND",
        "service_indicator": " SR"
    },
    {
        "area_code": "LAM",
        "callsign": "CURACO",
        "communication_frequency": 124.1,
        "communication_type": "ACC",
        "fir_rdo_ident": "TNCF",
        "fir_uir_indicator": "B",
        "frequency_units": "V",
        "latitude": 12.13080833,
        "longitude": -68.26741944,
        "remote_name": "KRALENDIJK",
        "service_indicator": "  R"
    },
    {
        "area_code": "LAM",
        "callsign": "CURACO",
        "communication_frequency": 127.1,
        "communication_type": "ACC",
        "fir_rdo_ident": "TNCF",
        "fir_uir_indicator": "B",
        "frequency_units": "V",
        "latitude": 12.13080833,
        "longitude": -68.26741944,
        "remote_name": "KRALENDIJK",
        "service_indicator": " SR"
    },
    {
        "area_code": "LAM",
        "callsign": "CURACO",
        "communication_frequency": 124.1,
        "communication_type": "ACC",
        "fir_rdo_ident": "TNCF",
        "fir_uir_indicator": "B",
        "frequency_units": "V",
        "latitude": 12.18891389,
        "longitude": -68.95969167,
        "remote_name": "WILLEMSTAD",
        "service_indicator": "  R"
    },
    {
        "area_code": "LAM",
        "callsign": "CURACO",
        "communication_frequency": 127.1,
        "communication_type": "ACC",
        "fir_rdo_ident": "TNCF",
        "fir_uir_indicator": "B",
        "frequency_units": "V",
        "latitude": 12.18891389,
        "longitude": -68.95969167,
        "remote_name": "WILLEMSTAD",
        "service_indicator": " SR"
    },
    {
        "area_code": "LAM",
        "callsign": "PIARCO",
        "communication_frequency": 124.0,
        "communication_type": "ACC",
        "fir_rdo_ident": "TTZP",
        "fir_uir_indicator": "B",
        "frequency_units": "V",
        "latitude": 13.07472222,
        "longitude": -59.49222222,
        "remote_name": "BRIDGETOWN",
        "service_indicator": "  R"
    },
    {
        "area_code": "LAM",
        "callsign": "SAN JUAN OCEANIC",
        "communication_frequency": 125.0,
        "communication_type": "ACC",
        "fir_rdo_ident": "TJZS",
        "fir_uir_indicator": "B",
        "frequency_units": "V",
        "latitude": 18.26801111,
        "longitude": -65.75794167,
        "remote_name": "PICO DEL ESTE",
        "service_indicator": "  G"
    }
]